ID,Asistencia,Parcial_1,Parcial_2,Parcial_3,TP,Examen_Final,Bono,Nota_Final,Clasificacion
ESTU-0001,94.0,51.1,55.7,80.4,74.3,63.6,0.0,39.8,Insuficiente
ESTU-0002,97.5,72.5,54.8,87.8,88.3,68.4,17.7,77.2,Satisfactorio
ESTU-0003,86.6,92.4,94.4,55.0,85.6,91.3,0.0,85.9,Optimo
ESTU-0004,100.0,83.9,55.0,77.5,49.2,60.4,0.0,38.7,Insuficiente
ESTU-0005,98.0,88.4,56.3,74.3,49.0,92.2,0.0,39.0,Insuficiente
ESTU-0006,90.0,79.5,85.6,90.0,56.1,45.3,0.0,45.2,Insuficiente
ESTU-0007,52.9,81.5,67.0,94.4,61.7,86.6,0.0,44.7,Insuficiente
ESTU-0008,93.3,91.0,86.6,40.7,64.5,90.9,0.0,78.4,Satisfactorio
ESTU-0009,80.1,55.0,43.9,80.4,80.8,50.9,0.0,60.4,Regular
ESTU-0010,85.4,69.4,69.3,43.1,43.4,65.8,0.0,59.2,Regular
ESTU-0011,82.0,53.3,42.0,72.9,42.1,49.9,0.0,30.8,Insuficiente
ESTU-0012,98.5,99.3,43.8,57.3,63.5,82.4,12.7,74.9,Satisfactorio
ESTU-0013,91.6,96.6,94.4,58.4,81.8,72.1,0.0,78.4,Satisfactorio
ESTU-0014,81.0,42.4,48.4,61.2,51.6,78.1,0.0,30.6,Insuficiente
ESTU-0015,85.0,82.3,71.9,77.3,78.5,51.8,0.0,46.6,Insuficiente
ESTU-0016,100.0,95.5,64.7,60.0,55.6,52.7,0.0,40.5,Insuficiente
ESTU-0017,91.0,50.8,60.8,84.0,93.2,42.5,0.0,44.7,Insuficiente
ESTU-0018,89.0,74.1,94.0,64.3,93.7,59.3,0.0,49.7,Insuficiente
ESTU-0019,95.0,94.9,41.3,44.1,57.8,73.6,0.0,35.6,Insuficiente
ESTU-0020,94.0,42.0,79.8,87.0,53.8,91.5,0.0,38.6,Insuficiente
ESTU-0021,80.6,81.8,97.8,57.1,64.7,80.0,0.0,76.5,Satisfactorio
ESTU-0022,91.0,57.8,73.6,66.0,54.4,66.1,0.0,37.2,Insuficiente
ESTU-0023,82.0,95.5,96.2,81.1,80.3,97.2,0.0,52.4,Regular
ESTU-0024,68.3,98.3,43.1,59.9,89.6,83.2,0.0,44.8,Insuficiente
ESTU-0025,88.0,96.7,65.1,43.4,80.4,95.8,0.0,43.4,Insuficiente
ESTU-0026,89.3,68.5,55.6,62.4,89.5,71.7,0.0,71.4,Satisfactorio
ESTU-0027,83.0,91.7,83.8,96.7,63.8,55.5,0.0,49.0,Insuficiente
ESTU-0028,75.7,90.7,98.9,78.5,49.4,43.2,0.0,45.6,Insuficiente
ESTU-0029,88.0,59.1,55.4,80.3,84.3,83.6,0.0,42.8,Insuficiente
ESTU-0030,81.0,89.7,79.3,77.9,61.6,47.3,0.0,45.2,Insuficiente
ESTU-0031,80.4,42.2,51.9,51.9,80.3,58.2,0.0,58.8,Regular
ESTU-0032,94.0,75.8,73.9,65.1,56.2,71.9,0.0,39.9,Insuficiente
ESTU-0033,91.0,53.8,67.8,85.1,44.9,73.9,0.0,36.5,Insuficiente
ESTU-0034,97.4,47.2,98.3,46.1,99.6,76.0,19.9,79.8,Satisfactorio
ESTU-0035,98.3,44.6,76.5,56.7,49.4,50.0,9.9,55.6,Regular
ESTU-0036,90.4,81.8,61.0,56.6,99.3,62.8,0.0,71.6,Satisfactorio
ESTU-0037,94.0,60.4,46.8,65.9,98.6,77.0,0.0,42.8,Insuficiente
ESTU-0038,96.0,83.5,49.1,98.8,87.6,98.2,0.0,48.4,Insuficiente
ESTU-0039,84.2,43.9,53.5,44.1,79.6,83.7,0.0,68.3,Bueno
ESTU-0040,87.0,58.9,55.1,71.1,74.7,95.4,0.0,39.6,Insuficiente
ESTU-0041,85.0,72.4,91.0,50.8,92.0,85.7,0.0,47.0,Insuficiente
ESTU-0042,83.0,87.4,73.7,98.2,57.4,75.5,0.0,46.0,Insuficiente
ESTU-0043,97.0,59.1,71.4,46.8,68.1,51.5,0.0,37.3,Insuficiente
ESTU-0044,95.5,77.6,46.9,64.2,77.2,80.0,15.4,75.7,Satisfactorio
ESTU-0045,81.0,93.2,91.6,84.3,64.7,77.4,0.0,48.8,Insuficiente
ESTU-0046,83.1,77.0,83.4,82.3,65.6,76.1,0.0,75.9,Satisfactorio
ESTU-0047,83.0,54.0,44.1,65.4,59.8,69.4,0.0,33.8,Insuficiente
ESTU-0048,95.0,41.5,82.5,60.8,73.9,71.7,0.0,39.4,Insuficiente
ESTU-0049,93.0,92.2,72.6,63.9,91.0,60.1,0.0,48.7,Insuficiente
ESTU-0050,87.0,41.3,44.9,55.9,52.1,71.2,0.0,29.4,Insuficiente
ESTU-0051,98.5,92.5,67.5,52.3,96.1,51.9,19.2,72.1,Satisfactorio
ESTU-0052,88.8,71.7,69.1,69.0,81.3,88.3,0.0,79.5,Satisfactorio
ESTU-0053,97.0,96.3,49.9,56.1,89.4,51.1,17.9,68.9,Bueno
ESTU-0054,94.7,87.9,96.7,57.2,73.4,45.1,0.0,65.0,Bueno
ESTU-0055,92.0,99.9,91.0,79.4,86.8,66.2,0.0,53.4,Regular
ESTU-0056,96.1,61.0,80.1,98.1,41.0,79.5,8.2,73.5,Satisfactorio
ESTU-0057,100.0,86.0,67.7,76.2,89.1,66.3,0.0,48.5,Insuficiente
ESTU-0058,92.0,64.1,64.7,44.6,42.4,56.6,0.0,31.6,Insuficiente
ESTU-0059,94.0,68.8,79.1,44.5,93.4,73.5,0.0,44.3,Insuficiente
ESTU-0060,86.0,77.7,72.7,97.1,99.5,60.8,0.0,52.9,Regular
ESTU-0061,80.0,92.4,43.7,57.8,57.6,96.0,0.0,37.4,Insuficiente
ESTU-0062,90.0,99.0,70.8,45.5,52.6,95.4,0.0,39.2,Insuficiente
ESTU-0063,91.4,86.1,88.4,75.9,85.9,70.1,0.0,78.6,Satisfactorio
ESTU-0064,87.0,65.1,67.6,77.4,55.2,59.7,0.0,39.0,Insuficiente
ESTU-0065,80.0,65.3,43.1,78.9,91.9,84.2,0.0,43.3,Insuficiente
ESTU-0066,89.0,84.3,87.2,56.0,46.2,42.2,0.0,39.6,Insuficiente
ESTU-0067,88.0,54.3,52.1,40.9,47.6,68.5,0.0,29.2,Insuficiente
ESTU-0068,90.1,46.6,55.5,97.9,98.7,60.2,0.0,70.5,Bueno
ESTU-0069,53.7,61.3,49.9,55.1,80.4,95.2,0.0,38.2,Insuficiente
ESTU-0070,99.3,57.2,59.8,80.6,90.8,40.7,18.2,64.4,Bueno
ESTU-0071,88.6,57.8,85.4,82.4,59.5,73.2,0.0,71.3,Satisfactorio
ESTU-0072,59.9,54.0,71.2,76.6,80.6,84.4,0.0,43.0,Insuficiente
ESTU-0073,80.0,42.5,52.3,58.8,75.7,69.1,0.0,35.6,Insuficiente
ESTU-0074,90.8,41.1,92.7,56.3,76.2,45.1,0.0,58.6,Regular
ESTU-0075,85.3,99.3,92.8,75.9,81.0,98.3,0.0,91.2,Excelente
ESTU-0076,86.5,65.7,92.2,92.0,74.5,71.1,0.0,76.7,Satisfactorio
ESTU-0077,88.6,63.1,54.3,96.8,65.7,76.9,0.0,72.5,Satisfactorio
ESTU-0078,84.0,80.8,67.1,46.4,56.6,54.2,0.0,37.2,Insuficiente
ESTU-0079,87.0,53.1,99.1,49.3,86.1,69.0,0.0,44.1,Insuficiente
ESTU-0080,82.0,97.0,86.3,96.7,53.6,65.7,0.0,48.0,Insuficiente
ESTU-0081,93.2,87.2,41.6,84.2,81.5,44.5,0.0,62.5,Bueno
ESTU-0082,81.2,45.4,43.9,93.0,54.0,46.4,0.0,53.7,Regular
ESTU-0083,84.0,65.1,67.8,52.2,77.5,90.2,0.0,40.2,Insuficiente
ESTU-0084,53.2,92.7,94.6,75.3,84.8,54.4,0.0,52.0,Regular
ESTU-0085,84.0,96.7,72.3,82.1,53.1,51.7,0.0,44.1,Insuficiente
ESTU-0086,93.0,68.0,69.9,80.8,43.6,70.3,0.0,37.9,Insuficiente
ESTU-0087,86.5,76.8,46.3,64.5,47.9,86.1,0.0,69.0,Bueno
ESTU-0088,81.9,50.0,79.4,40.9,76.4,43.7,0.0,55.5,Regular
ESTU-0089,94.4,99.5,89.3,75.0,91.0,74.6,0.0,83.2,Optimo
ESTU-0090,88.0,53.9,62.8,55.2,42.7,47.2,0.0,31.5,Insuficiente
ESTU-0091,89.0,96.6,86.5,67.0,84.0,42.2,0.0,50.1,Insuficiente
ESTU-0092,85.7,79.0,97.9,97.5,60.5,43.2,0.0,66.0,Bueno
ESTU-0093,88.0,76.5,52.2,63.9,68.7,90.0,0.0,75.4,Satisfactorio
ESTU-0094,98.0,70.8,71.4,90.4,95.7,47.1,0.0,50.1,Insuficiente
ESTU-0095,88.5,53.8,57.2,51.3,59.9,42.7,0.0,50.7,Insuficiente
ESTU-0096,86.0,50.6,87.6,80.3,67.9,66.3,0.0,42.7,Insuficiente
ESTU-0097,83.0,53.2,74.7,98.6,40.8,90.6,0.0,38.4,Insuficiente
ESTU-0098,71.4,51.2,78.1,46.1,44.9,55.7,0.0,32.4,Insuficiente
ESTU-0099,92.0,86.8,87.9,40.5,55.5,65.3,0.0,39.8,Insuficiente
ESTU-0100,83.0,61.0,63.8,66.0,41.7,42.4,0.0,33.8,Insuficiente
ESTU-0101,51.6,43.5,94.9,45.6,77.9,66.9,0.0,40.1,Insuficiente
ESTU-0102,81.8,98.1,72.0,84.9,65.6,74.7,0.0,77.0,Satisfactorio
ESTU-0103,98.0,93.0,49.5,94.9,72.9,74.3,0.0,46.2,Insuficiente
ESTU-0104,81.0,95.7,81.8,66.0,50.5,59.9,0.0,42.6,Insuficiente
ESTU-0105,95.4,99.7,87.6,55.5,57.8,58.9,11.6,69.8,Bueno
ESTU-0106,100.0,50.4,59.0,66.1,79.8,46.4,0.0,39.4,Insuficiente
ESTU-0107,70.5,63.8,91.4,83.4,97.9,62.0,0.0,51.4,Regular
ESTU-0108,87.8,85.5,94.4,40.5,43.0,46.0,0.0,56.4,Regular
ESTU-0109,91.0,81.8,56.6,75.4,93.4,86.0,0.0,47.2,Insuficiente
ESTU-0110,90.0,49.2,99.0,76.8,74.6,98.0,0.0,44.9,Insuficiente
ESTU-0111,86.0,88.9,48.4,78.3,73.8,98.2,0.0,43.5,Insuficiente
ESTU-0112,58.1,53.5,52.1,54.5,70.0,91.9,0.0,35.3,Insuficiente
ESTU-0113,96.5,53.4,51.1,82.8,44.2,76.0,8.8,66.0,Bueno
ESTU-0114,90.4,72.2,93.6,45.5,45.4,82.1,0.0,70.1,Bueno
ESTU-0115,81.7,75.6,79.3,52.0,76.1,57.1,0.0,65.6,Bueno
ESTU-0116,93.6,74.8,49.1,92.6,60.5,77.8,0.0,72.1,Satisfactorio
ESTU-0117,90.2,45.5,66.4,84.3,95.0,67.3,0.0,72.1,Satisfactorio
ESTU-0118,99.0,92.6,76.9,40.8,64.4,68.9,0.0,40.9,Insuficiente
ESTU-0119,94.6,55.9,45.0,54.9,48.6,85.5,0.0,64.7,Bueno
ESTU-0120,82.0,47.8,92.9,52.9,82.9,56.9,0.0,42.4,Insuficiente
ESTU-0121,90.4,93.3,88.2,56.2,57.6,59.1,0.0,66.8,Bueno
ESTU-0122,94.8,97.3,70.3,54.9,71.5,95.5,0.0,82.2,Optimo
ESTU-0123,87.0,91.7,98.0,43.8,81.9,43.4,0.0,47.5,Insuficiente
ESTU-0124,84.0,88.6,65.1,67.5,94.0,69.1,0.0,48.3,Insuficiente
ESTU-0125,89.0,79.3,99.0,84.0,87.5,94.8,0.0,52.5,Regular
ESTU-0126,94.0,73.1,80.1,76.4,80.6,76.6,0.0,46.7,Insuficiente
ESTU-0127,90.9,45.2,78.1,80.4,80.8,72.8,0.0,72.4,Satisfactorio
ESTU-0128,93.0,64.5,50.0,44.9,96.8,55.0,0.0,62.6,Bueno
ESTU-0129,88.0,62.4,92.9,97.1,57.7,60.6,0.0,45.2,Insuficiente
ESTU-0130,96.0,55.6,65.6,90.3,40.1,91.1,0.0,36.2,Insuficiente
ESTU-0131,91.0,83.4,49.7,88.3,56.3,73.6,0.0,40.8,Insuficiente
ESTU-0132,81.0,69.8,40.8,89.4,53.1,70.9,0.0,37.3,Insuficiente
ESTU-0133,84.0,44.9,73.6,96.0,79.7,46.0,0.0,44.5,Insuficiente
ESTU-0134,96.0,53.2,71.6,72.7,78.0,41.0,0.0,41.9,Insuficiente
ESTU-0135,97.1,81.0,83.2,52.0,75.6,97.8,15.1,86.1,Optimo
ESTU-0136,81.0,44.6,93.4,77.0,41.0,62.6,0.0,36.9,Insuficiente
ESTU-0137,84.0,91.1,44.8,84.6,83.7,76.2,0.0,46.1,Insuficiente
ESTU-0138,85.2,69.7,83.9,84.3,59.4,44.8,0.0,61.5,Bueno
ESTU-0139,80.0,68.8,51.2,71.3,79.9,81.0,0.0,41.5,Insuficiente
ESTU-0140,98.6,75.5,91.5,44.1,73.4,96.0,14.7,84.2,Optimo
ESTU-0141,98.1,89.5,89.1,62.3,60.6,74.5,12.1,76.5,Satisfactorio
ESTU-0142,81.0,60.9,72.4,95.2,48.1,47.6,0.0,40.1,Insuficiente
ESTU-0143,85.0,80.7,82.6,75.1,45.7,74.9,0.0,40.9,Insuficiente
ESTU-0144,83.0,73.9,58.9,72.3,89.9,86.0,0.0,45.3,Insuficiente
ESTU-0145,96.0,56.0,68.3,56.1,95.1,64.4,0.0,43.1,Insuficiente
ESTU-0146,84.0,92.7,89.3,62.1,79.0,92.8,0.0,48.3,Insuficiente
ESTU-0147,80.5,87.8,67.6,93.7,46.2,78.9,0.0,74.0,Satisfactorio
ESTU-0148,85.0,79.5,61.5,80.0,64.1,94.0,0.0,42.3,Insuficiente
ESTU-0149,95.0,91.0,69.7,87.2,83.7,77.4,0.0,49.8,Insuficiente
ESTU-0150,88.0,92.0,89.7,67.3,86.8,47.9,0.0,50.6,Insuficiente
ESTU-0151,95.4,82.5,60.1,77.8,47.1,58.6,9.4,64.1,Bueno
ESTU-0152,85.0,90.2,50.4,54.9,40.0,52.1,0.0,34.1,Insuficiente
ESTU-0153,82.0,81.8,82.7,82.3,82.7,94.5,0.0,49.4,Insuficiente
ESTU-0154,83.0,80.8,89.6,65.7,61.4,85.6,0.0,43.8,Insuficiente
ESTU-0155,99.3,77.1,46.0,66.6,55.3,80.6,11.1,70.8,Bueno
ESTU-0156,82.0,85.2,54.4,79.0,40.8,58.1,0.0,37.3,Insuficiente
ESTU-0157,83.6,49.5,48.5,96.2,72.4,51.0,0.0,60.8,Regular
ESTU-0158,88.1,92.9,60.9,43.8,91.1,85.4,0.0,78.7,Satisfactorio
ESTU-0159,99.0,92.3,67.0,89.5,97.5,68.4,0.0,52.7,Regular
ESTU-0160,86.4,41.8,84.9,57.5,73.9,53.5,0.0,60.7,Regular
ESTU-0161,99.0,89.5,79.1,66.6,70.9,77.0,0.0,45.5,Insuficiente
ESTU-0162,81.6,47.7,77.3,41.3,45.1,42.4,0.0,48.1,Insuficiente
ESTU-0163,81.7,60.1,61.1,58.1,72.9,59.6,0.0,62.3,Bueno
ESTU-0164,76.8,84.6,90.5,70.2,62.8,68.1,0.0,45.3,Insuficiente
ESTU-0165,86.0,49.6,68.3,43.4,76.4,48.9,0.0,36.8,Insuficiente
ESTU-0166,91.8,89.1,98.7,69.5,63.3,99.1,0.0,86.6,Optimo
ESTU-0167,66.0,89.9,78.0,95.6,54.4,52.5,0.0,46.0,Insuficiente
ESTU-0168,97.0,70.4,47.6,46.3,45.7,47.8,0.0,31.0,Insuficiente
ESTU-0169,52.0,40.4,80.6,85.9,58.9,52.2,0.0,39.4,Insuficiente
ESTU-0170,79.5,57.2,59.5,64.6,45.8,86.1,0.0,33.3,Insuficiente
ESTU-0171,83.9,77.0,81.2,79.3,50.6,65.5,0.0,68.0,Bueno
ESTU-0172,95.0,98.9,44.2,55.6,99.2,73.9,0.0,46.3,Insuficiente
ESTU-0173,99.0,77.9,50.5,49.6,66.6,41.3,0.0,37.0,Insuficiente
ESTU-0174,81.0,55.6,91.3,49.6,71.9,42.1,0.0,40.6,Insuficiente
ESTU-0175,82.3,78.0,53.6,44.2,92.4,66.7,0.0,68.6,Bueno
ESTU-0176,58.7,72.4,90.2,51.1,99.7,89.0,0.0,48.4,Insuficiente
ESTU-0177,84.5,86.8,56.8,79.9,75.0,93.1,0.0,82.0,Optimo
ESTU-0178,69.3,46.4,78.6,92.9,88.7,45.2,0.0,46.8,Insuficiente
ESTU-0179,96.8,85.7,81.6,88.8,59.6,72.3,11.9,77.4,Satisfactorio
ESTU-0180,88.0,72.5,70.8,81.1,58.3,94.8,0.0,41.6,Insuficiente
ESTU-0181,98.0,97.8,58.3,46.6,64.2,63.3,0.0,39.9,Insuficiente
ESTU-0182,82.0,60.5,52.8,57.4,80.4,89.8,0.0,38.8,Insuficiente
ESTU-0183,96.2,78.0,42.0,58.6,80.9,48.0,16.2,62.4,Bueno
ESTU-0184,93.9,95.9,58.2,55.0,58.9,96.1,0.0,78.1,Satisfactorio
ESTU-0185,62.9,46.2,79.2,70.9,48.0,85.1,0.0,35.8,Insuficiente
ESTU-0186,83.0,96.2,96.3,72.1,77.9,96.5,0.0,89.5,Optimo
ESTU-0187,90.9,81.3,92.3,61.4,47.7,80.6,0.0,73.1,Satisfactorio
ESTU-0188,80.0,44.1,86.0,61.2,74.7,61.8,0.0,40.4,Insuficiente
ESTU-0189,90.0,58.1,87.3,89.7,81.6,96.3,0.0,47.7,Insuficiente
ESTU-0190,62.1,82.5,79.9,87.4,82.0,56.5,0.0,49.7,Insuficiente
ESTU-0191,87.0,44.0,55.6,58.5,85.2,59.9,0.0,38.1,Insuficiente
ESTU-0192,94.9,74.9,94.4,94.8,92.4,82.0,0.0,86.5,Optimo
ESTU-0193,95.0,60.8,80.2,97.2,70.0,85.9,0.0,80.1,Satisfactorio
ESTU-0194,81.7,77.3,73.6,59.6,83.8,95.8,0.0,83.1,Optimo
ESTU-0195,82.0,42.7,46.7,61.3,77.2,52.3,0.0,35.5,Insuficiente
ESTU-0196,82.0,92.3,66.8,70.3,51.2,87.9,0.0,40.8,Insuficiente
ESTU-0197,86.3,98.4,67.6,96.5,41.5,84.3,0.0,77.0,Satisfactorio
ESTU-0198,94.9,98.1,91.9,92.6,57.1,43.8,0.0,66.6,Bueno
ESTU-0199,94.4,85.0,72.8,46.2,66.6,63.2,0.0,65.8,Bueno
ESTU-0200,89.0,47.8,62.8,63.6,77.0,57.0,0.0,61.4,Bueno
ESTU-0201,82.1,85.5,98.6,73.2,91.0,58.3,0.0,75.8,Satisfactorio
ESTU-0202,54.2,41.5,46.6,70.2,51.8,99.0,0.0,31.5,Insuficiente
ESTU-0203,93.0,41.3,65.4,51.6,47.5,78.6,0.0,30.6,Insuficiente
ESTU-0204,94.9,59.4,42.5,91.5,97.8,83.1,0.0,78.6,Satisfactorio
ESTU-0205,80.3,69.3,84.4,80.6,46.5,98.6,0.0,80.0,Satisfactorio
ESTU-0206,82.0,86.2,95.1,90.3,68.7,62.6,0.0,49.9,Insuficiente
ESTU-0207,88.0,81.0,56.8,91.5,75.1,88.1,0.0,45.6,Insuficiente
ESTU-0208,83.2,66.8,91.5,84.9,72.5,66.1,0.0,73.4,Satisfactorio
ESTU-0209,83.0,56.4,57.5,66.4,45.2,92.2,0.0,33.1,Insuficiente
ESTU-0210,100.0,99.8,94.6,76.6,43.4,50.8,0.0,44.8,Insuficiente
ESTU-0211,87.0,65.6,85.2,49.6,46.3,96.9,0.0,36.0,Insuficiente
ESTU-0212,84.6,67.1,88.3,80.4,75.1,53.1,0.0,67.7,Bueno
ESTU-0213,82.6,49.8,41.1,50.8,72.7,59.6,0.0,57.3,Regular
ESTU-0214,96.0,87.7,97.8,81.6,54.0,85.4,0.0,46.4,Insuficiente
ESTU-0215,85.6,81.6,83.6,53.8,78.3,63.6,0.0,70.3,Bueno
ESTU-0216,95.0,53.2,58.3,47.1,89.2,76.5,0.0,39.0,Insuficiente
ESTU-0217,98.0,44.9,89.8,49.9,42.5,66.7,0.0,33.1,Insuficiente
ESTU-0218,87.3,80.8,56.9,40.1,69.9,84.5,0.0,71.5,Satisfactorio
ESTU-0219,82.5,79.3,92.4,83.1,81.4,53.7,0.0,71.7,Satisfactorio
ESTU-0220,92.5,56.4,46.8,83.9,55.1,43.5,0.0,53.4,Regular
ESTU-0221,82.9,97.1,82.2,70.9,58.5,58.0,0.0,68.3,Bueno
ESTU-0222,93.0,49.1,72.4,49.7,76.8,68.5,0.0,38.2,Insuficiente
ESTU-0223,85.0,65.9,45.8,45.0,93.9,50.1,0.0,39.7,Insuficiente
ESTU-0224,87.0,96.6,54.5,41.1,88.6,61.3,0.0,43.3,Insuficiente
ESTU-0225,81.0,65.2,40.7,49.9,75.0,64.0,0.0,35.8,Insuficiente
ESTU-0226,80.0,78.3,68.1,93.5,83.8,43.4,0.0,48.7,Insuficiente
ESTU-0227,98.7,63.9,58.1,54.5,61.9,75.0,12.4,68.4,Bueno
ESTU-0228,80.0,56.5,75.9,61.3,78.5,93.1,0.0,41.5,Insuficiente
ESTU-0229,94.6,99.0,57.8,46.3,68.0,49.1,0.0,60.3,Regular
ESTU-0230,81.6,64.6,58.0,53.3,51.4,75.9,0.0,64.1,Bueno
ESTU-0231,89.7,93.6,84.6,71.2,82.1,79.9,0.0,81.6,Optimo
ESTU-0232,95.0,53.8,42.9,76.5,73.4,65.2,0.0,37.8,Insuficiente
ESTU-0233,82.0,52.8,94.2,54.7,61.5,82.1,0.0,39.2,Insuficiente
ESTU-0234,96.0,41.9,91.1,43.5,94.7,64.6,0.0,42.5,Insuficiente
ESTU-0235,59.8,79.1,80.1,63.5,41.3,70.3,0.0,37.9,Insuficiente
ESTU-0236,86.1,62.1,75.6,54.1,58.9,40.4,0.0,53.5,Regular
ESTU-0237,93.0,91.9,93.5,53.2,43.4,81.5,0.0,40.5,Insuficiente
ESTU-0238,51.2,68.4,51.1,97.6,86.0,79.7,0.0,46.1,Insuficiente
ESTU-0239,82.3,98.1,44.7,77.0,82.1,42.3,0.0,62.6,Bueno
ESTU-0240,88.0,51.1,54.4,73.4,59.9,62.1,0.0,35.8,Insuficiente
ESTU-0241,97.0,92.1,87.7,64.9,80.5,98.7,16.1,91.4,Excelente
ESTU-0242,97.7,86.6,42.1,65.7,63.8,65.2,12.8,67.3,Bueno
ESTU-0243,95.7,86.3,75.0,72.5,85.4,70.1,17.1,79.7,Satisfactorio
ESTU-0244,68.5,90.7,99.7,81.8,67.3,94.6,0.0,49.7,Insuficiente
ESTU-0245,93.0,85.7,91.3,82.1,64.7,83.0,0.0,47.5,Insuficiente
ESTU-0246,96.4,77.6,71.3,50.3,96.1,74.9,19.2,79.6,Satisfactorio
ESTU-0247,71.4,47.9,43.8,70.0,55.1,87.9,0.0,32.6,Insuficiente
ESTU-0248,98.3,42.0,89.9,64.7,47.2,91.9,9.4,74.3,Satisfactorio
ESTU-0249,98.2,95.3,75.9,92.2,75.1,67.4,15.0,80.1,Satisfactorio
ESTU-0250,92.7,77.0,46.9,77.9,98.2,68.5,0.0,73.9,Satisfactorio
ESTU-0251,64.7,87.8,45.6,72.0,62.7,63.2,0.0,39.9,Insuficiente
ESTU-0252,69.3,68.9,94.6,46.9,43.7,98.0,0.0,36.8,Insuficiente
ESTU-0253,92.6,47.0,80.2,76.3,60.4,81.8,0.0,71.9,Satisfactorio
ESTU-0254,100.0,47.5,89.8,47.0,70.4,45.0,0.0,38.6,Insuficiente
ESTU-0255,80.0,81.1,92.7,60.2,49.7,91.8,0.0,41.1,Insuficiente
ESTU-0256,97.0,65.8,74.3,48.6,79.5,68.8,0.0,41.1,Insuficiente
ESTU-0257,96.8,52.0,71.0,81.5,99.9,44.1,20.0,68.9,Bueno
ESTU-0258,84.8,69.5,65.8,52.4,67.1,73.0,0.0,67.6,Bueno
ESTU-0259,82.0,43.9,59.0,63.5,61.3,65.0,0.0,34.4,Insuficiente
ESTU-0260,97.0,74.9,66.1,93.7,64.0,92.7,0.0,44.1,Insuficiente
ESTU-0261,80.8,56.1,86.4,52.3,46.9,52.2,0.0,56.2,Regular
ESTU-0262,99.5,87.9,76.1,70.5,93.0,89.6,18.6,89.4,Optimo
ESTU-0263,81.0,58.6,93.6,65.2,64.9,73.5,0.0,42.0,Insuficiente
ESTU-0264,89.0,67.3,66.6,41.1,63.2,43.3,0.0,36.0,Insuficiente
ESTU-0265,93.9,40.7,76.4,87.6,79.6,98.3,0.0,82.5,Optimo
ESTU-0266,87.0,44.3,77.9,44.1,66.5,70.8,0.0,63.8,Bueno
ESTU-0267,84.9,63.5,75.5,68.5,78.9,57.5,0.0,66.4,Bueno
ESTU-0268,85.1,68.8,82.2,73.6,43.7,68.2,0.0,66.0,Bueno
ESTU-0269,68.0,76.0,54.2,77.7,88.8,91.5,0.0,45.5,Insuficiente
ESTU-0270,80.0,57.5,70.7,81.3,96.4,58.3,0.0,47.2,Insuficiente
ESTU-0271,90.5,81.7,46.3,55.2,78.9,51.6,0.0,60.8,Regular
ESTU-0272,90.5,91.6,63.1,40.6,97.3,47.7,0.0,64.6,Bueno
ESTU-0273,93.4,86.8,69.3,83.4,49.1,57.9,0.0,64.9,Bueno
ESTU-0274,95.7,42.4,79.1,72.1,68.6,86.8,13.7,77.0,Satisfactorio
ESTU-0275,95.0,68.8,97.0,90.2,76.1,68.3,0.0,49.3,Insuficiente
ESTU-0276,89.0,46.3,76.0,89.3,74.9,53.6,0.0,43.2,Insuficiente
ESTU-0277,89.9,54.5,84.6,90.6,64.1,50.0,0.0,63.4,Bueno
ESTU-0278,82.5,99.2,70.4,69.1,60.3,60.0,0.0,67.9,Bueno
ESTU-0279,85.1,48.5,78.0,60.0,47.6,96.4,0.0,72.9,Satisfactorio
ESTU-0280,89.8,69.9,44.3,87.5,63.5,60.6,0.0,63.8,Bueno
ESTU-0281,94.5,77.1,55.3,67.1,49.8,99.3,0.0,76.3,Satisfactorio
ESTU-0282,82.0,82.1,61.7,51.0,84.1,69.1,0.0,42.8,Insuficiente
ESTU-0283,92.0,73.6,68.3,91.3,52.5,50.7,0.0,41.6,Insuficiente
ESTU-0284,86.0,40.6,42.7,93.0,43.5,93.5,0.0,32.2,Insuficiente
ESTU-0285,92.0,59.6,48.4,68.0,73.1,67.6,0.0,38.1,Insuficiente
ESTU-0286,87.0,71.1,56.6,44.5,75.7,82.6,0.0,38.1,Insuficiente
ESTU-0287,95.0,45.3,98.3,63.3,92.3,99.0,0.0,46.0,Insuficiente
ESTU-0288,98.0,61.0,59.9,88.2,74.6,43.0,0.0,42.8,Insuficiente
ESTU-0289,81.0,42.0,68.9,94.1,60.7,45.8,0.0,39.5,Insuficiente
ESTU-0290,98.0,44.7,51.8,52.2,88.2,83.2,0.0,37.5,Insuficiente
ESTU-0291,96.0,63.8,76.6,44.0,72.4,56.9,0.0,39.1,Insuficiente
ESTU-0292,85.0,48.0,56.8,92.6,44.8,51.1,0.0,35.3,Insuficiente
ESTU-0293,91.1,74.1,52.4,63.4,74.0,42.4,0.0,57.1,Regular
ESTU-0294,90.0,81.4,71.0,72.5,94.5,41.3,0.0,48.9,Insuficiente
ESTU-0295,80.0,88.0,40.3,98.1,63.8,86.5,0.0,42.9,Insuficiente
ESTU-0296,91.0,52.0,40.5,44.0,57.8,48.1,0.0,29.8,Insuficiente
ESTU-0297,88.5,50.0,53.1,78.9,48.6,68.1,0.0,61.2,Bueno
ESTU-0298,60.8,46.3,42.2,44.4,49.1,76.4,0.0,27.5,Insuficiente
ESTU-0299,81.1,78.2,46.5,62.5,66.0,65.7,0.0,64.4,Bueno
ESTU-0300,85.0,82.4,60.3,88.2,75.7,41.6,0.0,45.9,Insuficiente
ESTU-0301,99.0,41.9,88.2,66.0,44.8,87.0,0.0,35.1,Insuficiente
ESTU-0302,82.0,96.2,74.3,99.8,96.4,40.6,0.0,55.3,Regular
ESTU-0303,99.0,43.1,70.8,73.5,85.3,85.7,0.0,42.0,Insuficiente
ESTU-0304,81.9,72.5,57.6,59.3,75.2,93.6,0.0,77.7,Satisfactorio
ESTU-0305,86.3,82.5,95.9,53.2,89.7,66.0,0.0,75.2,Satisfactorio
ESTU-0306,98.8,92.3,63.8,61.0,44.8,72.1,9.0,68.5,Bueno
ESTU-0307,97.0,82.8,45.2,62.4,68.6,68.6,0.0,39.1,Insuficiente
ESTU-0308,98.0,88.1,77.0,44.1,77.8,63.4,0.0,43.4,Insuficiente
ESTU-0309,89.8,60.4,46.8,62.2,89.7,93.2,0.0,77.8,Satisfactorio
ESTU-0310,98.0,88.9,60.7,67.9,87.0,93.6,0.0,46.4,Insuficiente
ESTU-0311,84.0,44.8,70.4,83.4,56.6,60.1,0.0,37.8,Insuficiente
ESTU-0312,88.0,93.7,92.5,79.4,96.5,76.9,0.0,54.7,Regular
ESTU-0313,80.0,72.9,69.6,82.5,47.5,95.6,0.0,39.5,Insuficiente
ESTU-0314,98.1,89.0,82.1,40.5,92.5,97.7,18.5,89.5,Optimo
ESTU-0315,91.8,67.1,99.6,53.1,98.3,70.5,0.0,77.2,Satisfactorio
ESTU-0316,84.8,78.6,47.9,79.7,50.6,67.2,0.0,64.5,Bueno
ESTU-0317,80.0,71.6,56.5,69.0,83.3,56.7,0.0,42.9,Insuficiente
ESTU-0318,95.0,83.9,63.7,40.3,42.4,97.5,0.0,33.5,Insuficiente
ESTU-0319,92.0,44.9,65.3,88.3,64.3,48.6,0.0,39.3,Insuficiente
ESTU-0320,95.0,43.6,64.7,86.4,71.0,74.8,0.0,40.2,Insuficiente
ESTU-0321,84.0,54.8,94.5,72.9,74.8,57.0,0.0,44.6,Insuficiente
ESTU-0322,85.7,49.6,82.8,44.0,96.2,56.7,0.0,65.4,Bueno
ESTU-0323,83.0,92.3,76.5,86.0,80.3,64.3,0.0,75.7,Satisfactorio
ESTU-0324,82.0,53.2,58.6,75.0,68.9,99.9,0.0,38.7,Insuficiente
ESTU-0325,97.7,98.6,89.4,86.9,88.6,43.3,17.7,75.2,Satisfactorio
ESTU-0326,86.9,60.2,97.3,85.1,97.0,74.7,0.0,81.6,Optimo
ESTU-0327,95.0,50.9,89.3,88.2,41.3,45.0,0.0,38.7,Insuficiente
ESTU-0328,80.6,87.4,40.1,71.1,99.0,49.3,0.0,66.0,Bueno
ESTU-0329,93.0,79.5,78.2,48.4,45.2,66.4,0.0,36.5,Insuficiente
ESTU-0330,94.0,69.9,43.1,80.3,88.9,70.6,0.0,43.5,Insuficiente
ESTU-0331,93.0,73.3,55.5,77.2,56.8,55.5,0.0,38.8,Insuficiente
ESTU-0332,87.9,83.2,43.6,84.5,47.9,59.0,0.0,61.3,Bueno
ESTU-0333,50.7,53.7,76.2,50.2,66.4,45.2,0.0,37.3,Insuficiente
ESTU-0334,95.0,99.8,81.2,51.7,78.6,58.2,0.0,46.7,Insuficiente
ESTU-0335,95.0,98.5,46.9,93.4,62.9,98.0,0.0,44.4,Insuficiente
ESTU-0336,83.0,79.0,63.0,85.0,43.3,96.7,0.0,38.9,Insuficiente
ESTU-0337,92.8,52.0,67.4,94.5,76.0,60.1,0.0,67.8,Bueno
ESTU-0338,85.2,80.8,62.1,85.5,94.1,74.3,0.0,79.0,Satisfactorio
ESTU-0339,84.0,44.3,47.3,75.8,63.0,94.6,0.0,34.9,Insuficiente
ESTU-0340,89.0,41.8,65.1,79.2,53.0,40.4,0.0,35.4,Insuficiente
ESTU-0341,74.6,55.5,85.1,93.3,66.6,88.6,0.0,44.5,Insuficiente
ESTU-0342,73.7,67.8,44.3,74.7,42.9,96.9,0.0,33.5,Insuficiente
ESTU-0343,89.0,92.1,44.8,77.9,89.2,45.5,0.0,46.5,Insuficiente
ESTU-0344,80.0,83.6,61.3,49.4,89.6,49.7,0.0,43.8,Insuficiente
ESTU-0345,92.0,84.6,96.5,68.4,75.3,97.6,0.0,48.3,Insuficiente
ESTU-0346,80.8,65.5,80.1,83.0,61.2,72.3,0.0,71.6,Satisfactorio
ESTU-0347,81.8,60.8,80.7,56.3,88.0,40.9,0.0,60.3,Regular
ESTU-0348,95.0,62.3,61.7,52.1,73.3,55.5,0.0,38.1,Insuficiente
ESTU-0349,96.0,99.3,75.6,58.8,89.6,67.0,0.0,49.1,Insuficiente
ESTU-0350,81.3,42.4,40.6,54.5,77.9,81.6,0.0,66.5,Bueno
ESTU-0351,75.2,92.0,78.2,52.9,87.1,84.0,0.0,47.2,Insuficiente
ESTU-0352,92.8,74.7,94.8,65.5,75.9,99.7,0.0,86.4,Optimo
ESTU-0353,82.9,66.3,76.8,94.5,64.8,57.3,0.0,67.6,Bueno
ESTU-0354,99.0,83.5,92.4,70.4,97.5,72.3,0.0,52.3,Regular
ESTU-0355,97.0,69.2,83.4,51.3,72.5,72.0,0.0,41.7,Insuficiente
ESTU-0356,82.1,92.4,47.2,44.6,76.3,64.3,0.0,65.5,Bueno
ESTU-0357,80.0,94.0,94.1,81.8,53.2,50.1,0.0,46.6,Insuficiente
ESTU-0358,98.0,65.3,44.0,63.0,77.5,98.6,0.0,38.5,Insuficiente
ESTU-0359,97.0,56.6,72.0,89.3,74.3,91.2,14.9,83.4,Optimo
ESTU-0360,91.0,75.5,48.5,79.6,51.1,69.9,0.0,37.4,Insuficiente
ESTU-0361,80.0,94.7,40.7,87.8,43.6,76.2,0.0,38.5,Insuficiente
ESTU-0362,82.2,52.6,65.3,56.3,76.3,53.6,0.0,59.9,Regular
ESTU-0363,90.0,77.4,57.7,81.5,85.8,72.6,0.0,46.0,Insuficiente
ESTU-0364,92.0,77.9,69.2,55.8,71.4,81.7,0.0,41.3,Insuficiente
ESTU-0365,97.1,84.0,74.6,96.3,53.6,70.9,10.7,75.2,Satisfactorio
ESTU-0366,93.0,47.9,42.6,78.2,80.0,99.4,0.0,38.5,Insuficiente
ESTU-0367,98.1,82.9,47.4,59.5,44.8,76.7,9.0,66.7,Bueno
ESTU-0368,95.3,94.5,73.5,56.2,66.5,62.3,13.3,70.8,Bueno
ESTU-0369,98.0,50.8,60.6,51.5,49.8,86.3,0.0,31.7,Insuficiente
ESTU-0370,96.0,54.3,83.8,81.7,51.1,50.2,0.0,39.5,Insuficiente
ESTU-0371,89.0,98.3,79.1,53.1,52.1,63.1,0.0,41.1,Insuficiente
ESTU-0372,81.0,50.9,90.7,75.7,63.2,60.8,0.0,41.6,Insuficiente
ESTU-0373,86.0,91.3,81.5,55.9,43.1,65.9,0.0,39.1,Insuficiente
ESTU-0374,84.2,69.5,65.8,79.7,63.9,86.9,0.0,76.2,Satisfactorio
ESTU-0375,100.0,54.8,80.4,88.9,70.7,69.1,0.0,44.0,Insuficiente
ESTU-0376,90.0,92.2,56.5,86.7,69.0,87.6,0.0,45.2,Insuficiente
ESTU-0377,92.2,66.7,58.4,85.7,63.0,74.6,0.0,70.5,Bueno
ESTU-0378,51.2,70.9,87.3,51.3,90.3,60.5,0.0,46.0,Insuficiente
ESTU-0379,90.7,61.6,66.8,45.3,48.7,88.6,0.0,68.3,Bueno
ESTU-0380,100.0,75.6,87.9,81.9,70.3,54.3,0.0,46.8,Insuficiente
ESTU-0381,55.9,49.8,89.3,62.1,43.7,53.5,0.0,35.6,Insuficiente
ESTU-0382,84.8,63.5,91.5,65.9,44.3,70.3,0.0,66.4,Bueno
ESTU-0383,81.4,98.2,95.0,41.9,74.4,55.7,0.0,68.5,Bueno
ESTU-0384,93.9,55.5,65.9,55.6,74.0,40.5,0.0,54.6,Regular
ESTU-0385,86.8,79.4,59.1,42.0,92.7,78.9,0.0,74.2,Satisfactorio
ESTU-0386,90.2,59.5,74.9,92.8,73.5,70.7,0.0,73.3,Satisfactorio
ESTU-0387,84.0,86.4,62.3,54.6,97.6,66.7,0.0,46.6,Insuficiente
ESTU-0388,82.0,47.9,76.1,73.4,42.9,98.0,0.0,34.9,Insuficiente
ESTU-0389,87.5,98.2,82.3,42.3,45.9,74.3,0.0,68.6,Bueno
ESTU-0390,90.3,67.2,81.3,80.0,42.6,91.8,0.0,75.7,Satisfactorio
ESTU-0391,99.5,54.2,62.5,59.4,51.1,48.4,10.2,55.1,Regular
ESTU-0392,70.6,44.4,50.0,93.9,72.5,74.2,0.0,39.6,Insuficiente
ESTU-0393,97.0,50.2,65.8,93.3,78.7,92.1,0.0,43.6,Insuficiente
ESTU-0394,88.8,71.2,48.6,59.5,42.7,75.0,0.0,62.4,Bueno
ESTU-0395,84.0,60.2,93.4,94.1,96.8,83.1,0.0,52.4,Regular
ESTU-0396,96.5,89.7,60.8,99.8,90.5,62.3,18.1,80.0,Satisfactorio
ESTU-0397,92.9,65.9,49.3,89.5,57.8,45.5,0.0,57.0,Regular
ESTU-0398,92.0,54.9,41.5,90.7,44.6,67.5,0.0,33.9,Insuficiente
ESTU-0399,87.5,77.0,78.7,54.9,50.2,63.7,0.0,63.6,Bueno
ESTU-0400,87.7,82.4,78.2,74.6,47.6,92.0,0.0,77.7,Satisfactorio
ESTU-0401,82.0,50.0,60.4,44.0,47.4,54.6,0.0,30.1,Insuficiente
ESTU-0402,95.1,50.1,44.3,45.7,71.1,98.0,14.2,74.9,Satisfactorio
ESTU-0403,96.0,42.2,64.6,99.9,54.8,97.5,0.0,38.5,Insuficiente
ESTU-0404,91.3,84.2,58.7,59.6,61.5,54.9,0.0,61.3,Bueno
ESTU-0405,99.0,79.8,80.6,84.9,99.4,60.9,0.0,52.6,Regular
ESTU-0406,94.8,68.5,76.3,88.4,81.1,93.7,0.0,84.8,Optimo
ESTU-0407,92.0,90.7,61.9,91.5,96.9,98.0,0.0,51.9,Regular
ESTU-0408,50.5,88.3,53.1,99.9,48.6,66.6,0.0,41.9,Insuficiente
ESTU-0409,95.3,75.1,99.3,54.5,62.9,59.3,12.6,69.3,Bueno
ESTU-0410,91.0,92.1,67.2,42.4,73.3,71.6,0.0,41.5,Insuficiente
ESTU-0411,66.0,52.4,81.3,64.7,44.6,81.3,0.0,35.4,Insuficiente
ESTU-0412,97.5,46.7,48.4,47.8,40.3,56.4,8.1,51.3,Regular
ESTU-0413,97.5,56.2,69.1,41.3,80.2,84.2,16.0,75.1,Satisfactorio
ESTU-0414,88.0,43.4,41.7,61.6,78.5,43.1,0.0,35.3,Insuficiente
ESTU-0415,81.6,71.9,70.3,87.0,64.6,43.0,0.0,60.7,Regular
ESTU-0416,93.0,96.2,97.8,74.0,69.4,63.2,0.0,49.6,Insuficiente
ESTU-0417,99.0,42.4,63.1,58.8,64.9,61.2,0.0,34.9,Insuficiente
ESTU-0418,94.0,47.3,42.3,79.3,41.4,58.9,0.0,30.8,Insuficiente
ESTU-0419,83.6,67.1,41.9,53.9,60.1,69.5,0.0,61.5,Bueno
ESTU-0420,87.6,96.0,63.3,40.9,50.6,59.2,0.0,60.5,Regular
ESTU-0421,89.6,59.0,49.6,85.9,45.9,51.5,0.0,55.7,Regular
ESTU-0422,89.5,70.4,41.4,77.4,97.4,58.6,0.0,68.1,Bueno
ESTU-0423,84.0,42.5,85.4,85.7,76.0,98.5,0.0,43.7,Insuficiente
ESTU-0424,99.0,48.9,67.5,42.3,83.7,64.7,0.0,37.9,Insuficiente
ESTU-0425,83.0,99.2,57.4,90.2,58.9,66.7,0.0,44.7,Insuficiente
ESTU-0426,77.5,97.9,94.0,77.2,63.6,74.6,0.0,48.6,Insuficiente
ESTU-0427,86.0,40.3,47.0,73.8,54.2,99.0,0.0,32.3,Insuficiente
ESTU-0428,94.4,97.1,97.4,77.5,45.8,54.5,0.0,67.2,Bueno
ESTU-0429,89.0,78.3,58.8,91.9,50.7,80.9,0.0,40.7,Insuficiente
ESTU-0430,55.9,92.1,93.3,75.2,87.9,83.0,0.0,52.3,Regular
ESTU-0431,57.1,67.3,76.2,74.9,80.7,76.4,0.0,45.3,Insuficiente
ESTU-0432,88.1,70.9,89.6,99.4,72.8,45.3,0.0,67.3,Bueno
ESTU-0433,80.9,69.3,99.0,85.4,68.5,80.6,0.0,79.8,Satisfactorio
ESTU-0434,82.0,80.0,57.3,66.5,95.3,43.8,0.0,46.2,Insuficiente
ESTU-0435,54.2,48.4,97.7,82.4,44.4,75.8,0.0,39.3,Insuficiente
ESTU-0436,85.0,41.8,63.4,63.4,56.8,84.4,0.0,67.6,Bueno
ESTU-0437,97.0,58.5,63.1,53.7,61.0,52.7,0.0,35.6,Insuficiente
ESTU-0438,91.1,82.3,60.4,75.8,86.9,90.5,0.0,82.7,Optimo
ESTU-0439,85.3,52.1,72.5,95.7,99.6,41.8,0.0,66.0,Bueno
ESTU-0440,54.1,80.4,49.2,95.7,54.4,90.6,0.0,40.9,Insuficiente
ESTU-0441,91.0,98.2,73.2,60.5,92.5,67.6,0.0,49.4,Insuficiente
ESTU-0442,99.3,45.6,72.5,71.7,89.8,53.1,18.0,68.1,Bueno
ESTU-0443,68.7,80.4,85.7,52.7,53.5,48.0,0.0,39.9,Insuficiente
ESTU-0444,93.0,66.6,90.0,99.7,64.0,97.2,0.0,47.0,Insuficiente
ESTU-0445,90.6,92.1,66.4,98.9,64.6,44.4,0.0,65.0,Bueno
ESTU-0446,97.4,50.6,58.1,79.0,98.7,51.9,19.7,69.5,Bueno
ESTU-0447,99.3,81.6,55.6,88.3,50.9,60.9,10.2,66.6,Bueno
ESTU-0448,87.7,90.3,51.7,82.9,87.9,77.2,0.0,78.4,Satisfactorio
ESTU-0449,89.0,96.7,43.5,75.6,60.1,72.7,0.0,40.8,Insuficiente
ESTU-0450,81.0,81.0,60.5,43.2,83.9,47.5,0.0,41.4,Insuficiente
ESTU-0451,88.9,69.8,56.2,67.3,65.2,57.4,0.0,61.8,Bueno
ESTU-0452,84.0,77.1,98.0,80.5,74.7,54.3,0.0,49.0,Insuficiente
ESTU-0453,87.0,92.1,73.5,80.7,90.0,52.8,0.0,50.8,Insuficiente
ESTU-0454,95.3,74.2,60.8,62.4,88.2,64.7,17.6,73.4,Satisfactorio
ESTU-0455,80.0,41.8,74.8,96.5,92.0,82.2,0.0,46.8,Insuficiente
ESTU-0456,74.6,95.9,48.4,50.0,43.6,53.0,0.0,34.6,Insuficiente
ESTU-0457,86.0,81.4,66.6,70.0,81.5,62.0,0.0,45.4,Insuficiente
ESTU-0458,73.4,80.6,77.6,81.5,48.4,63.5,0.0,41.6,Insuficiente
ESTU-0459,85.0,52.9,69.3,81.8,64.9,98.6,0.0,40.2,Insuficiente
ESTU-0460,98.0,79.5,64.1,78.9,72.9,97.3,0.0,44.2,Insuficiente
ESTU-0461,86.0,63.6,99.6,56.5,64.2,88.0,0.0,42.1,Insuficiente
ESTU-0462,82.5,79.1,92.8,49.4,71.2,54.5,0.0,65.5,Bueno
ESTU-0463,87.3,46.4,77.4,78.2,99.8,44.1,0.0,64.5,Bueno
ESTU-0464,98.0,79.5,74.2,76.0,48.1,59.0,0.0,40.2,Insuficiente
ESTU-0465,98.1,100.0,77.2,50.8,80.5,56.0,16.1,72.1,Satisfactorio
ESTU-0466,82.0,42.9,52.1,82.3,63.8,70.4,0.0,36.4,Insuficiente
ESTU-0467,97.0,98.6,63.7,67.3,48.0,86.7,0.0,40.2,Insuficiente
ESTU-0468,93.4,64.4,42.4,80.1,49.5,91.5,0.0,71.4,Satisfactorio
ESTU-0469,99.0,92.2,68.5,90.2,97.0,90.7,0.0,52.8,Regular
ESTU-0470,98.2,86.9,72.6,50.2,92.8,61.6,18.6,74.9,Satisfactorio
ESTU-0471,88.0,74.0,53.7,41.1,94.4,81.2,0.0,41.4,Insuficiente
ESTU-0472,98.5,84.3,97.8,86.7,99.5,58.8,19.9,83.2,Optimo
ESTU-0473,82.0,92.7,94.6,76.6,52.5,43.7,0.0,45.7,Insuficiente
ESTU-0474,94.6,64.2,83.3,82.0,61.3,82.1,0.0,75.7,Satisfactorio
ESTU-0475,96.0,59.6,72.0,90.3,80.2,40.6,0.0,45.6,Insuficiente
ESTU-0476,99.6,80.1,92.2,88.2,69.0,64.6,13.8,77.1,Satisfactorio
ESTU-0477,80.0,88.5,47.8,97.7,65.1,59.8,0.0,44.2,Insuficiente
ESTU-0478,85.0,85.7,87.4,72.2,61.5,81.6,0.0,45.0,Insuficiente
ESTU-0479,98.5,87.9,47.5,69.3,75.6,86.0,15.1,79.8,Satisfactorio
ESTU-0480,92.0,66.1,87.7,64.1,74.5,58.2,0.0,43.9,Insuficiente
ESTU-0481,81.5,89.1,56.5,49.2,49.7,88.7,0.0,71.4,Satisfactorio
ESTU-0482,84.8,47.2,92.6,74.4,68.3,57.6,0.0,65.3,Bueno
ESTU-0483,72.7,72.7,96.6,56.6,73.2,66.8,0.0,44.8,Insuficiente
ESTU-0484,81.4,40.3,48.9,95.3,74.2,83.6,0.0,72.9,Satisfactorio
ESTU-0485,100.0,59.5,67.8,75.0,52.6,81.6,0.0,37.5,Insuficiente
ESTU-0486,95.1,62.0,98.9,75.6,84.5,99.2,16.9,91.5,Excelente
ESTU-0487,100.0,63.8,69.0,61.3,41.5,53.5,0.0,34.2,Insuficiente
ESTU-0488,64.0,81.7,91.8,43.1,61.3,79.7,0.0,41.1,Insuficiente
ESTU-0489,97.5,63.3,75.3,41.9,86.8,76.6,17.4,75.5,Satisfactorio
ESTU-0490,94.5,66.9,62.5,65.4,73.8,94.9,0.0,78.7,Satisfactorio
ESTU-0491,82.0,54.3,57.1,45.1,55.7,49.4,0.0,32.0,Insuficiente
ESTU-0492,81.0,62.4,52.2,76.4,81.7,85.1,0.0,75.8,Satisfactorio
ESTU-0493,97.0,53.6,85.7,92.9,74.0,74.1,0.0,45.8,Insuficiente
ESTU-0494,96.0,44.4,63.2,93.0,87.8,56.5,0.0,44.3,Insuficiente
ESTU-0495,80.0,76.2,70.7,79.5,84.1,68.5,0.0,47.0,Insuficiente
ESTU-0496,82.0,80.1,69.5,52.7,76.6,60.0,0.0,42.3,Insuficiente
ESTU-0497,79.2,77.2,74.6,91.8,69.3,74.8,0.0,46.3,Insuficiente
ESTU-0498,91.0,67.8,91.9,93.2,48.0,93.3,0.0,43.3,Insuficiente
ESTU-0499,98.7,62.8,98.8,51.8,55.7,74.2,11.1,71.5,Satisfactorio
ESTU-0500,99.3,91.8,64.5,84.2,65.1,77.9,13.0,78.8,Satisfactorio
ESTU-0501,84.9,71.1,89.7,57.2,76.0,71.1,0.0,72.7,Satisfactorio
ESTU-0502,76.8,68.8,85.9,88.2,70.8,43.1,0.0,46.5,Insuficiente
ESTU-0503,85.0,41.5,74.4,99.8,57.3,54.0,0.0,40.2,Insuficiente
ESTU-0504,90.7,60.5,97.4,41.8,40.4,69.5,0.0,62.5,Bueno
ESTU-0505,84.2,62.8,52.0,93.8,69.8,58.6,0.0,65.2,Bueno
ESTU-0506,100.0,63.9,46.6,77.4,57.1,50.9,0.0,36.5,Insuficiente
ESTU-0507,95.5,74.8,91.2,98.4,84.1,70.2,16.8,83.5,Optimo
ESTU-0508,91.1,72.0,66.3,67.9,41.4,59.4,0.0,59.5,Regular
ESTU-0509,97.5,76.5,90.8,90.8,75.1,55.5,15.0,74.6,Satisfactorio
ESTU-0510,86.3,85.9,93.6,43.7,96.5,67.8,0.0,76.2,Satisfactorio
ESTU-0511,80.7,88.8,43.7,60.1,50.5,48.0,0.0,55.0,Regular
ESTU-0512,83.0,83.1,93.0,44.0,68.3,95.7,0.0,43.0,Insuficiente
ESTU-0513,96.6,97.3,66.9,98.5,45.5,92.1,9.1,82.8,Optimo
ESTU-0514,93.3,41.1,70.6,89.0,77.5,82.5,0.0,75.3,Satisfactorio
ESTU-0515,97.0,51.7,77.6,91.2,73.0,46.4,0.0,44.0,Insuficiente
ESTU-0516,84.0,40.5,95.6,96.3,64.4,86.6,0.0,43.9,Insuficiente
ESTU-0517,68.8,78.8,41.1,45.1,71.3,88.5,0.0,36.3,Insuficiente
ESTU-0518,90.5,93.9,68.6,63.1,93.8,86.1,0.0,83.3,Optimo
ESTU-0519,99.4,54.6,81.3,44.3,51.8,46.8,10.4,55.2,Regular
ESTU-0520,57.5,95.6,83.4,52.6,41.4,78.6,0.0,39.2,Insuficiente
ESTU-0521,96.0,43.6,81.6,53.8,91.7,90.1,0.0,42.2,Insuficiente
ESTU-0522,100.0,96.1,48.1,68.1,74.6,74.6,0.0,43.2,Insuficiente
ESTU-0523,98.5,61.1,58.0,56.1,93.4,78.8,18.7,77.3,Satisfactorio
ESTU-0524,92.1,46.1,61.5,46.1,75.8,67.5,0.0,62.6,Bueno
ESTU-0525,91.9,69.2,88.3,50.0,88.6,71.7,0.0,74.1,Satisfactorio
ESTU-0526,95.0,55.4,56.7,48.8,65.8,42.1,0.0,34.6,Insuficiente
ESTU-0527,93.0,57.1,52.6,98.4,85.0,78.3,0.0,44.7,Insuficiente
ESTU-0528,85.0,58.4,97.4,85.6,94.8,44.9,0.0,51.1,Regular
ESTU-0529,52.8,88.2,40.5,98.1,74.3,66.1,0.0,45.1,Insuficiente
ESTU-0530,93.2,72.3,99.9,66.4,50.8,57.6,0.0,65.0,Bueno
ESTU-0531,90.6,58.7,80.6,56.7,56.1,72.7,0.0,66.4,Bueno
ESTU-0532,100.0,76.6,89.7,87.9,51.9,48.0,10.4,65.5,Bueno
ESTU-0533,99.8,83.0,57.7,59.6,54.8,81.5,11.0,72.5,Satisfactorio
ESTU-0534,94.0,56.4,40.9,58.0,58.4,87.7,0.0,32.4,Insuficiente
ESTU-0535,88.4,64.8,84.3,54.0,73.3,49.8,0.0,61.7,Bueno
ESTU-0536,97.2,47.3,90.0,47.8,75.3,46.3,15.1,61.3,Bueno
ESTU-0537,92.5,50.9,84.4,55.4,65.6,48.7,0.0,58.0,Regular
ESTU-0538,62.4,80.9,48.6,61.3,76.9,92.6,0.0,40.8,Insuficiente
ESTU-0539,97.0,50.9,85.2,80.4,44.9,71.7,0.0,37.8,Insuficiente
ESTU-0540,84.0,71.5,86.1,43.8,45.3,68.0,0.0,35.9,Insuficiente
ESTU-0541,97.7,82.5,79.5,52.6,50.3,46.4,10.1,59.2,Regular
ESTU-0542,80.3,46.4,86.0,88.5,71.1,79.0,0.0,75.3,Satisfactorio
ESTU-0543,80.0,74.0,90.8,48.8,52.8,92.1,0.0,39.0,Insuficiente
ESTU-0544,83.6,55.4,76.8,60.6,57.0,89.7,0.0,73.0,Satisfactorio
ESTU-0545,80.9,97.8,45.3,91.9,64.0,77.6,0.0,75.2,Satisfactorio
ESTU-0546,97.0,69.0,69.3,49.3,88.7,44.5,0.0,42.7,Insuficiente
ESTU-0547,55.7,88.4,44.7,45.0,40.8,46.7,0.0,31.9,Insuficiente
ESTU-0548,83.6,73.0,64.5,69.1,79.0,43.0,0.0,60.5,Regular
ESTU-0549,100.0,42.6,64.4,58.1,80.1,55.4,0.0,38.0,Insuficiente
ESTU-0550,88.6,78.0,44.0,73.8,87.9,48.1,0.0,62.9,Bueno
ESTU-0551,96.0,97.1,60.9,88.2,96.0,55.6,0.0,52.0,Regular
ESTU-0552,92.6,76.1,46.7,48.2,41.2,63.1,0.0,56.3,Regular
ESTU-0553,81.0,89.2,88.5,74.8,49.2,96.6,0.0,43.5,Insuficiente
ESTU-0554,80.0,93.1,96.9,70.3,93.2,76.6,0.0,53.3,Regular
ESTU-0555,93.8,53.7,44.3,48.6,67.5,90.1,0.0,69.1,Bueno
ESTU-0556,85.0,52.7,97.3,77.4,73.9,82.6,0.0,45.1,Insuficiente
ESTU-0557,84.0,76.7,71.4,56.4,79.8,46.8,0.0,43.2,Insuficiente
ESTU-0558,51.4,64.7,58.0,69.3,80.7,84.2,0.0,41.7,Insuficiente
ESTU-0559,87.8,90.4,44.6,44.9,95.9,56.5,0.0,65.8,Bueno
ESTU-0560,81.0,94.0,70.0,67.6,99.8,78.3,0.0,82.2,Optimo
ESTU-0561,85.2,61.2,87.7,58.4,83.2,60.5,0.0,68.5,Bueno
ESTU-0562,60.6,54.2,82.4,89.3,57.2,99.9,0.0,41.6,Insuficiente
ESTU-0563,84.0,86.8,43.0,43.4,92.8,55.8,0.0,41.6,Insuficiente
ESTU-0564,89.0,56.5,44.4,65.1,43.0,56.7,0.0,30.7,Insuficiente
ESTU-0565,96.0,89.4,64.2,67.5,53.9,95.8,0.0,40.3,Insuficiente
ESTU-0566,88.0,65.4,57.7,83.5,93.8,41.5,0.0,46.3,Insuficiente
ESTU-0567,98.0,80.1,53.9,74.5,55.4,81.8,0.0,38.9,Insuficiente
ESTU-0568,83.0,45.7,56.9,80.0,53.2,83.5,0.0,35.0,Insuficiente
ESTU-0569,95.2,77.4,88.2,86.6,48.3,90.2,9.7,81.3,Optimo
ESTU-0570,96.0,67.1,95.8,91.7,91.5,98.5,0.0,52.2,Regular
ESTU-0571,81.0,75.2,64.3,58.8,70.0,98.5,0.0,40.4,Insuficiente
ESTU-0572,89.2,50.1,94.4,72.3,80.5,43.9,0.0,62.6,Bueno
ESTU-0573,87.0,84.2,59.3,90.4,54.3,89.3,0.0,42.0,Insuficiente
ESTU-0574,81.1,91.8,68.6,99.4,85.5,78.8,0.0,83.3,Optimo
ESTU-0575,93.1,53.0,53.6,93.4,85.6,78.8,0.0,75.3,Satisfactorio
ESTU-0576,97.5,45.7,78.4,62.3,58.8,47.7,11.8,58.0,Regular
ESTU-0577,81.0,41.4,98.7,51.7,64.6,79.0,0.0,38.5,Insuficiente
ESTU-0578,96.3,78.5,76.2,69.4,52.6,98.9,10.5,82.1,Optimo
ESTU-0579,82.0,76.4,61.5,84.5,98.6,94.7,0.0,49.4,Insuficiente
ESTU-0580,91.0,72.8,78.9,69.6,78.7,66.3,0.0,45.2,Insuficiente
ESTU-0581,91.0,53.9,47.4,69.0,96.1,42.4,0.0,41.9,Insuficiente
ESTU-0582,99.0,63.5,93.3,90.3,58.2,61.7,11.6,71.6,Satisfactorio
ESTU-0583,96.0,75.7,70.2,61.7,86.9,89.6,0.0,45.1,Insuficiente
ESTU-0584,94.0,69.8,67.0,91.6,86.0,82.1,0.0,47.6,Insuficiente
ESTU-0585,81.7,99.3,75.2,64.4,81.5,67.6,0.0,75.2,Satisfactorio
ESTU-0586,84.0,48.2,77.5,59.7,97.9,43.3,0.0,44.3,Insuficiente
ESTU-0587,81.0,81.7,44.3,67.2,63.6,65.6,0.0,38.5,Insuficiente
ESTU-0588,86.0,64.3,81.0,85.7,47.8,68.1,0.0,40.4,Insuficiente
ESTU-0589,81.0,65.7,54.5,47.6,80.3,95.7,0.0,38.4,Insuficiente
ESTU-0590,81.0,83.1,82.8,51.8,83.8,78.5,0.0,45.8,Insuficiente
ESTU-0591,94.0,81.5,89.4,97.1,74.5,58.7,0.0,50.6,Insuficiente
ESTU-0592,82.0,99.5,88.2,50.5,52.4,71.5,0.0,70.8,Bueno
ESTU-0593,81.0,47.7,73.2,74.1,70.3,44.0,0.0,40.1,Insuficiente
ESTU-0594,85.0,46.2,71.2,74.8,58.7,98.4,0.0,37.4,Insuficiente
ESTU-0595,94.8,83.5,48.6,69.4,65.6,61.6,0.0,64.6,Bueno
ESTU-0596,94.0,74.7,86.5,78.7,78.7,68.7,0.0,47.7,Insuficiente
ESTU-0597,83.4,56.4,56.3,53.8,84.7,61.3,0.0,63.7,Bueno
ESTU-0598,89.0,44.8,69.8,73.2,53.9,81.0,0.0,35.8,Insuficiente
ESTU-0599,59.6,45.1,57.1,62.3,64.3,79.7,0.0,34.8,Insuficiente
ESTU-0600,52.0,93.7,48.0,79.7,56.1,82.9,0.0,40.7,Insuficiente
ESTU-0601,96.0,51.5,77.8,48.5,51.9,56.1,0.0,34.1,Insuficiente
ESTU-0602,99.0,59.4,43.3,74.3,87.0,58.9,0.0,41.0,Insuficiente
ESTU-0603,81.0,53.6,84.9,51.1,94.6,47.5,0.0,44.2,Insuficiente
ESTU-0604,81.0,61.3,59.1,56.7,62.2,79.3,0.0,36.0,Insuficiente
ESTU-0605,90.0,44.2,40.0,53.1,85.1,42.4,0.0,35.3,Insuficiente
ESTU-0606,90.0,71.1,70.7,51.0,93.8,75.9,0.0,44.5,Insuficiente
ESTU-0607,95.0,44.1,42.8,89.5,90.8,92.2,0.0,41.7,Insuficiente
ESTU-0608,95.0,88.0,56.6,57.1,51.0,93.4,0.0,37.1,Insuficiente
ESTU-0609,87.0,54.0,82.4,95.6,97.4,66.9,0.0,50.4,Insuficiente
ESTU-0610,84.5,72.4,43.8,98.2,62.6,67.6,0.0,68.1,Bueno
ESTU-0611,82.0,92.8,90.4,74.3,60.4,44.6,0.0,46.4,Insuficiente
ESTU-0612,90.0,79.1,40.2,48.6,43.7,80.2,0.0,63.2,Bueno
ESTU-0613,81.4,72.0,54.8,62.5,69.2,89.3,0.0,74.8,Satisfactorio
ESTU-0614,54.1,59.5,84.5,87.9,46.5,54.7,0.0,40.2,Insuficiente
ESTU-0615,93.7,60.0,59.0,62.0,54.9,65.3,0.0,61.2,Bueno
ESTU-0616,96.0,80.2,46.1,45.2,59.0,90.3,11.8,73.1,Satisfactorio
ESTU-0617,97.0,99.6,61.6,73.4,88.5,92.6,0.0,49.0,Insuficiente
ESTU-0618,98.0,79.7,56.2,90.7,92.5,54.6,0.0,48.7,Insuficiente
ESTU-0619,90.3,73.5,90.6,87.8,58.1,73.0,0.0,74.4,Satisfactorio
ESTU-0620,87.4,83.8,58.8,50.5,91.5,51.5,0.0,64.6,Bueno
ESTU-0621,84.0,67.9,87.3,80.4,91.4,46.1,0.0,49.7,Insuficiente
ESTU-0622,89.0,43.6,93.5,53.2,85.9,94.7,0.0,42.5,Insuficiente
ESTU-0623,100.0,73.7,66.0,53.1,48.8,89.2,0.0,35.5,Insuficiente
ESTU-0624,84.0,97.5,94.6,92.4,81.4,85.6,0.0,54.2,Regular
ESTU-0625,80.9,50.5,62.6,55.0,96.7,42.9,0.0,58.9,Regular
ESTU-0626,93.0,81.4,97.8,55.8,81.0,90.6,0.0,47.5,Insuficiente
ESTU-0627,93.0,52.1,45.4,40.0,59.9,66.3,0.0,30.3,Insuficiente
ESTU-0628,87.4,72.1,81.2,92.2,70.0,60.5,0.0,70.9,Bueno
ESTU-0629,88.0,45.8,69.6,87.6,78.7,72.8,0.0,42.8,Insuficiente
ESTU-0630,94.0,67.0,63.3,77.6,70.6,45.5,0.0,41.8,Insuficiente
ESTU-0631,85.7,85.4,78.0,85.0,47.2,85.4,0.0,76.7,Satisfactorio
ESTU-0632,94.8,60.9,82.2,49.1,58.7,74.9,0.0,67.3,Bueno
ESTU-0633,94.0,79.9,40.3,67.5,88.1,51.2,0.0,42.6,Insuficiente
ESTU-0634,90.0,87.7,50.0,61.1,91.7,51.3,0.0,44.8,Insuficiente
ESTU-0635,55.4,95.6,82.8,45.6,48.2,51.1,0.0,39.5,Insuficiente
ESTU-0636,83.0,54.1,80.0,69.2,97.1,43.4,0.0,46.5,Insuficiente
ESTU-0637,96.0,64.0,98.0,95.2,59.7,75.3,0.0,46.2,Insuficiente
ESTU-0638,99.0,49.1,85.7,42.4,79.7,90.4,0.0,39.6,Insuficiente
ESTU-0639,93.0,99.5,97.0,57.5,85.1,41.0,0.0,50.9,Insuficiente
ESTU-0640,93.0,95.6,82.2,52.5,88.7,42.9,0.0,48.4,Insuficiente
ESTU-0641,92.0,72.4,57.9,54.3,96.7,74.4,0.0,43.9,Insuficiente
ESTU-0642,98.0,90.5,46.3,94.5,58.8,89.2,0.0,42.6,Insuficiente
ESTU-0643,94.0,71.3,86.9,68.1,91.5,59.6,0.0,48.5,Insuficiente
ESTU-0644,90.0,77.4,78.6,68.0,47.9,61.0,0.0,39.4,Insuficiente
ESTU-0645,92.0,45.3,42.9,85.6,82.3,75.8,0.0,39.6,Insuficiente
ESTU-0646,94.5,85.3,61.6,49.3,84.5,56.5,0.0,65.7,Bueno
ESTU-0647,79.7,47.7,97.4,69.2,80.7,41.6,0.0,44.7,Insuficiente
ESTU-0648,84.0,89.6,70.0,65.8,55.1,84.1,0.0,74.7,Satisfactorio
ESTU-0649,89.5,86.9,66.0,75.8,92.4,77.5,0.0,80.0,Satisfactorio
ESTU-0650,98.0,82.5,67.5,100.0,50.1,74.8,0.0,43.3,Insuficiente
ESTU-0651,84.0,42.2,52.5,86.2,43.2,84.5,0.0,32.8,Insuficiente
ESTU-0652,86.0,58.2,62.1,63.9,83.0,80.5,0.0,41.2,Insuficiente
ESTU-0653,86.0,55.8,62.2,89.7,68.5,52.4,0.0,41.4,Insuficiente
ESTU-0654,87.3,61.6,43.1,50.2,90.9,61.1,0.0,63.3,Bueno
ESTU-0655,91.0,45.3,86.1,41.8,63.0,47.6,0.0,35.7,Insuficiente
ESTU-0656,92.0,96.2,65.0,52.3,50.1,47.8,0.0,38.5,Insuficiente
ESTU-0657,83.0,73.2,89.3,60.4,90.2,80.6,0.0,47.8,Insuficiente
ESTU-0658,88.0,58.3,91.0,70.6,72.9,91.5,0.0,43.9,Insuficiente
ESTU-0659,82.3,63.8,52.7,76.9,51.4,97.8,0.0,75.2,Satisfactorio
ESTU-0660,94.0,66.8,79.4,94.6,83.2,77.7,0.0,48.7,Insuficiente
ESTU-0661,81.0,76.0,68.3,70.6,70.7,51.0,0.0,42.8,Insuficiente
ESTU-0662,99.3,70.9,92.8,70.1,76.3,46.3,15.3,68.0,Bueno
ESTU-0663,80.3,95.2,52.9,43.0,67.7,88.8,0.0,74.5,Satisfactorio
ESTU-0664,87.0,69.8,80.7,42.1,89.7,74.7,0.0,43.6,Insuficiente
ESTU-0665,98.0,99.5,76.5,73.1,89.8,77.1,0.0,51.2,Regular
ESTU-0666,84.0,91.1,57.7,66.3,82.6,86.9,0.0,45.2,Insuficiente
ESTU-0667,81.0,52.5,48.2,90.4,46.3,82.2,0.0,34.7,Insuficiente
ESTU-0668,92.0,95.8,79.1,49.6,90.3,90.1,0.0,48.0,Insuficiente
ESTU-0669,80.0,47.0,84.3,41.5,80.3,43.4,0.0,39.1,Insuficiente
ESTU-0670,100.0,89.0,58.9,66.9,81.8,84.9,0.0,45.0,Insuficiente
ESTU-0671,95.0,62.8,78.7,54.2,61.8,91.1,0.0,38.4,Insuficiente
ESTU-0672,94.8,92.7,63.7,43.0,92.8,57.2,0.0,68.0,Bueno
ESTU-0673,90.0,92.1,82.8,83.5,83.5,78.4,0.0,51.1,Regular
ESTU-0674,88.0,88.4,52.0,46.7,46.8,58.8,0.0,34.3,Insuficiente
ESTU-0675,98.0,87.4,93.4,76.5,64.5,97.5,0.0,47.2,Insuficiente
ESTU-0676,99.1,58.3,57.2,56.9,93.2,42.0,18.6,62.1,Bueno
ESTU-0677,84.0,44.9,62.1,50.4,42.8,74.8,0.0,29.5,Insuficiente
ESTU-0678,69.9,64.2,43.5,62.8,97.7,50.0,0.0,42.3,Insuficiente
ESTU-0679,98.5,50.4,46.7,88.1,80.7,82.7,16.1,77.1,Satisfactorio
ESTU-0680,93.3,81.7,71.0,63.5,77.9,50.6,0.0,64.6,Bueno
ESTU-0681,90.9,60.8,56.1,85.0,56.2,54.1,0.0,59.8,Regular
ESTU-0682,81.0,98.5,90.1,47.5,54.9,69.7,0.0,42.5,Insuficiente
ESTU-0683,90.0,78.5,40.9,86.4,96.5,94.9,0.0,46.7,Insuficiente
ESTU-0684,83.4,89.3,62.7,54.2,57.9,52.7,0.0,60.1,Regular
ESTU-0685,96.5,48.0,60.2,80.6,86.5,48.7,17.3,65.4,Bueno
ESTU-0686,77.8,91.7,41.2,73.9,63.6,85.5,0.0,40.3,Insuficiente
ESTU-0687,96.0,95.4,47.5,95.7,48.4,70.0,0.0,41.5,Insuficiente
ESTU-0688,85.0,69.2,64.8,63.2,40.6,94.7,0.0,34.4,Insuficiente
ESTU-0689,88.5,76.4,69.6,44.0,72.7,48.8,0.0,59.4,Regular
ESTU-0690,81.0,85.9,64.3,41.1,98.5,78.8,0.0,45.2,Insuficiente
ESTU-0691,87.0,50.5,71.9,89.6,62.1,54.0,0.0,40.7,Insuficiente
ESTU-0692,92.0,70.2,75.7,71.5,61.4,49.4,0.0,41.3,Insuficiente
ESTU-0693,85.0,63.9,40.6,86.5,60.6,81.0,0.0,37.6,Insuficiente
ESTU-0694,62.1,48.8,67.8,54.1,71.2,75.6,0.0,37.0,Insuficiente
ESTU-0695,99.0,62.1,97.8,60.7,66.4,85.3,0.0,42.7,Insuficiente
ESTU-0696,80.5,44.1,71.1,41.8,92.8,58.6,0.0,62.9,Bueno
ESTU-0697,96.0,41.5,80.7,97.7,70.3,66.9,0.0,43.4,Insuficiente
ESTU-0698,80.0,48.1,58.7,80.1,70.5,64.3,0.0,39.0,Insuficiente
ESTU-0699,85.0,97.8,86.4,96.0,48.3,99.0,0.0,47.0,Insuficiente
ESTU-0700,90.0,73.0,86.4,55.9,99.0,57.5,0.0,48.5,Insuficiente
ESTU-0701,76.6,97.9,71.3,76.7,55.0,57.7,0.0,43.8,Insuficiente
ESTU-0702,82.0,65.9,98.6,80.7,44.4,61.3,0.0,41.6,Insuficiente
ESTU-0703,97.0,58.7,47.5,59.1,79.8,73.9,0.0,38.0,Insuficiente
ESTU-0704,84.0,70.4,41.0,90.9,75.7,55.1,0.0,42.1,Insuficiente
ESTU-0705,91.0,66.4,86.2,96.8,64.9,94.9,0.0,46.2,Insuficiente
ESTU-0706,99.5,46.3,88.4,93.1,65.3,55.9,13.1,68.4,Bueno
ESTU-0707,87.0,78.4,47.2,84.3,87.1,93.7,0.0,45.4,Insuficiente
ESTU-0708,90.5,53.0,55.9,56.6,51.7,46.2,0.0,50.9,Insuficiente
ESTU-0709,80.0,77.2,41.1,56.9,89.2,79.4,0.0,41.2,Insuficiente
ESTU-0710,84.1,79.0,57.6,97.8,78.9,94.4,0.0,84.8,Optimo
ESTU-0711,88.0,49.1,86.4,40.6,65.1,50.1,0.0,56.5,Regular
ESTU-0712,88.0,43.7,71.1,83.0,67.5,98.1,0.0,39.9,Insuficiente
ESTU-0713,90.0,86.8,60.9,82.4,55.4,67.2,0.0,41.8,Insuficiente
ESTU-0714,85.0,67.6,62.3,77.4,85.1,96.7,0.0,44.7,Insuficiente
ESTU-0715,96.0,43.5,40.1,99.4,70.8,80.6,0.0,38.6,Insuficiente
ESTU-0716,96.5,99.7,58.0,58.7,59.3,58.1,11.9,66.3,Bueno
ESTU-0717,91.5,43.5,78.8,60.4,75.8,51.3,0.0,60.0,Regular
ESTU-0718,98.3,81.7,98.5,44.7,99.7,58.2,19.9,77.2,Satisfactorio
ESTU-0719,56.2,99.0,90.8,66.6,66.1,45.6,0.0,47.4,Insuficiente
ESTU-0720,86.5,54.4,41.4,55.7,95.2,48.6,0.0,58.7,Regular
ESTU-0721,96.9,48.5,93.9,60.6,60.7,46.3,12.1,60.1,Regular
ESTU-0722,97.0,47.3,87.0,90.1,43.3,65.4,0.0,38.6,Insuficiente
ESTU-0723,90.0,58.2,86.8,96.1,52.3,87.7,0.0,42.6,Insuficiente
ESTU-0724,87.1,46.1,67.5,51.1,65.1,48.5,0.0,54.4,Regular
ESTU-0725,78.7,81.5,63.9,62.4,53.2,47.8,0.0,38.3,Insuficiente
ESTU-0726,92.1,43.7,58.2,95.7,40.0,78.6,0.0,65.8,Bueno
ESTU-0727,82.0,70.6,43.9,43.7,94.9,51.8,0.0,40.1,Insuficiente
ESTU-0728,89.8,99.8,53.7,45.5,90.6,45.9,0.0,63.0,Bueno
ESTU-0729,60.1,88.8,54.8,49.8,84.5,50.0,0.0,42.7,Insuficiente
ESTU-0730,87.0,76.9,69.0,75.7,50.1,95.4,0.0,39.6,Insuficiente
ESTU-0731,84.0,58.4,84.8,49.0,47.2,89.3,0.0,35.1,Insuficiente
ESTU-0732,90.7,77.4,68.4,98.1,44.1,61.2,0.0,65.8,Bueno
ESTU-0733,83.3,71.6,43.5,66.8,83.4,79.3,0.0,72.6,Satisfactorio
ESTU-0734,82.0,65.6,97.5,70.1,95.7,72.2,0.0,50.2,Insuficiente
ESTU-0735,84.0,47.8,96.6,54.8,65.8,80.6,0.0,39.7,Insuficiente
ESTU-0736,93.9,93.2,87.1,68.3,47.1,81.0,0.0,75.0,Satisfactorio
ESTU-0737,93.0,67.0,99.5,79.7,70.7,77.7,0.0,47.0,Insuficiente
ESTU-0738,90.8,51.7,72.7,85.1,60.9,56.0,0.0,62.5,Bueno
ESTU-0739,83.0,62.1,97.8,85.2,62.5,42.3,0.0,45.2,Insuficiente
ESTU-0740,89.0,64.8,44.5,74.7,77.3,67.3,0.0,40.0,Insuficiente
ESTU-0741,87.0,89.7,61.9,94.3,83.1,93.5,0.0,49.4,Insuficiente
ESTU-0742,87.0,84.0,53.5,89.0,46.6,74.2,0.0,39.5,Insuficiente
ESTU-0743,87.4,86.2,51.7,85.4,42.1,89.9,0.0,74.1,Satisfactorio
ESTU-0744,98.0,40.7,48.4,43.3,99.7,99.5,0.0,37.6,Insuficiente
ESTU-0745,80.0,65.0,77.3,40.4,54.0,49.8,0.0,35.2,Insuficiente
ESTU-0746,95.0,68.9,86.9,52.7,43.2,81.5,0.0,69.0,Bueno
ESTU-0747,94.0,41.2,74.7,79.8,51.4,80.5,0.0,36.4,Insuficiente
ESTU-0748,96.0,55.6,48.8,64.7,42.3,98.8,0.0,31.0,Insuficiente
ESTU-0749,95.3,85.6,88.7,64.1,63.5,99.1,12.7,86.7,Optimo
ESTU-0750,81.2,48.2,78.2,93.1,88.1,81.2,0.0,79.4,Satisfactorio
ESTU-0751,55.8,72.1,63.3,93.7,60.5,54.6,0.0,42.6,Insuficiente
ESTU-0752,97.0,52.9,80.4,94.6,66.7,87.9,13.3,81.5,Optimo
ESTU-0753,81.4,40.7,55.6,58.8,80.5,46.4,0.0,55.3,Regular
ESTU-0754,93.0,54.5,60.7,81.5,70.5,86.8,0.0,40.3,Insuficiente
ESTU-0755,87.0,98.6,95.0,56.3,91.7,94.6,0.0,51.7,Regular
ESTU-0756,89.7,88.1,57.4,51.4,92.0,63.0,0.0,69.8,Bueno
ESTU-0757,81.0,97.6,68.2,51.1,40.6,77.8,0.0,68.2,Bueno
ESTU-0758,98.0,69.3,93.4,60.5,86.7,65.8,0.0,47.1,Insuficiente
ESTU-0759,94.7,46.6,82.5,65.8,67.6,66.3,0.0,66.0,Bueno
ESTU-0760,89.4,72.9,43.7,89.9,99.3,58.6,0.0,70.8,Bueno
ESTU-0761,82.0,67.3,48.8,47.2,69.0,85.7,0.0,35.6,Insuficiente
ESTU-0762,87.0,90.7,40.5,84.1,99.2,96.2,0.0,48.5,Insuficiente
ESTU-0763,99.0,45.9,77.9,71.9,85.3,96.4,0.0,43.1,Insuficiente
ESTU-0764,87.2,69.3,66.9,57.3,54.9,50.5,0.0,57.0,Regular
ESTU-0765,80.0,49.0,48.1,69.6,72.3,92.5,0.0,36.7,Insuficiente
ESTU-0766,86.0,59.5,97.5,58.0,99.5,84.2,0.0,48.6,Insuficiente
ESTU-0767,88.1,84.2,71.8,75.8,91.5,55.2,0.0,71.3,Satisfactorio
ESTU-0768,93.8,68.6,54.5,66.0,45.8,44.0,0.0,52.0,Regular
ESTU-0769,85.0,62.6,70.0,49.9,82.4,56.1,0.0,40.8,Insuficiente
ESTU-0770,91.1,63.7,80.8,47.0,60.7,94.7,0.0,75.5,Satisfactorio
ESTU-0771,84.0,67.6,44.6,72.8,40.4,78.0,0.0,32.7,Insuficiente
ESTU-0772,92.3,87.1,56.5,94.1,64.2,83.3,0.0,77.8,Satisfactorio
ESTU-0773,80.0,93.5,88.4,60.6,54.1,55.4,0.0,43.1,Insuficiente
ESTU-0774,81.0,97.3,67.6,84.0,89.1,83.2,0.0,51.0,Regular
ESTU-0775,89.9,87.2,72.8,79.5,60.2,41.7,0.0,60.6,Regular
ESTU-0776,89.0,58.9,66.0,95.9,89.7,62.5,0.0,47.4,Insuficiente
ESTU-0777,85.0,81.3,42.6,89.3,40.0,77.6,0.0,36.4,Insuficiente
ESTU-0778,86.1,66.3,49.9,74.0,58.5,48.8,0.0,56.6,Regular
ESTU-0779,86.0,55.3,66.7,79.4,54.5,89.4,0.0,73.5,Satisfactorio
ESTU-0780,82.1,90.5,52.6,93.9,54.0,54.1,0.0,64.0,Bueno
ESTU-0781,84.7,42.3,43.0,64.0,44.1,79.1,0.0,60.4,Regular
ESTU-0782,94.0,94.1,90.6,59.6,51.2,64.3,0.0,42.8,Insuficiente
ESTU-0783,99.0,67.7,98.9,40.6,73.3,75.8,0.0,42.3,Insuficiente
ESTU-0784,87.0,78.2,87.6,89.6,57.5,46.4,0.0,45.5,Insuficiente
ESTU-0785,94.0,79.6,91.2,88.1,65.0,41.0,0.0,47.5,Insuficiente
ESTU-0786,95.4,93.7,54.5,46.3,62.6,94.6,12.5,78.8,Satisfactorio
ESTU-0787,92.0,78.2,97.6,74.6,92.6,56.2,0.0,51.9,Regular
ESTU-0788,98.0,76.8,51.8,67.8,94.3,89.2,0.0,45.0,Insuficiente
ESTU-0789,83.0,44.0,97.1,47.1,69.6,100.0,0.0,39.0,Insuficiente
ESTU-0790,97.4,71.1,99.7,98.8,59.8,52.7,12.0,71.4,Satisfactorio
ESTU-0791,84.0,49.0,82.7,52.9,46.4,55.9,0.0,33.9,Insuficiente
ESTU-0792,89.0,84.2,98.9,44.0,97.2,79.8,0.0,49.7,Insuficiente
ESTU-0793,85.0,70.7,74.2,75.7,43.6,97.9,0.0,38.1,Insuficiente
ESTU-0794,80.6,80.8,55.6,84.3,57.9,94.9,0.0,79.0,Satisfactorio
ESTU-0795,94.0,42.5,66.2,41.9,57.9,70.2,0.0,31.7,Insuficiente
ESTU-0796,93.6,45.1,75.6,79.5,59.2,87.7,0.0,73.6,Satisfactorio
ESTU-0797,96.6,83.0,44.4,71.9,49.9,48.1,10.0,57.8,Regular
ESTU-0798,90.0,44.3,77.3,46.2,87.0,98.6,0.0,39.8,Insuficiente
ESTU-0799,84.8,44.3,98.9,50.4,47.3,97.9,0.0,74.4,Satisfactorio
ESTU-0800,96.1,40.7,51.4,74.1,78.1,49.8,15.6,60.8,Regular
ESTU-0801,85.4,97.4,87.6,57.8,47.4,58.0,0.0,65.0,Bueno
ESTU-0802,92.0,84.3,94.5,96.3,44.2,46.0,0.0,45.5,Insuficiente
ESTU-0803,97.0,61.2,96.6,89.1,94.6,56.3,0.0,51.8,Regular
ESTU-0804,80.3,57.8,97.6,99.0,51.4,89.0,0.0,79.8,Satisfactorio
ESTU-0805,94.0,61.0,71.3,55.6,89.3,62.7,0.0,42.9,Insuficiente
ESTU-0806,86.8,86.5,98.6,98.2,72.7,45.3,0.0,70.4,Bueno
ESTU-0807,96.7,79.7,85.4,65.9,44.7,60.5,8.9,65.7,Bueno
ESTU-0808,96.3,51.1,49.7,60.9,97.3,98.9,19.5,84.5,Optimo
ESTU-0809,90.0,50.4,68.6,43.0,54.8,77.8,0.0,32.6,Insuficiente
ESTU-0810,55.7,45.9,83.1,43.2,91.6,65.0,0.0,41.3,Insuficiente
ESTU-0811,99.2,79.6,54.8,81.5,50.1,50.0,10.0,60.8,Regular
ESTU-0812,91.9,85.9,78.4,67.5,91.2,99.2,0.0,88.8,Optimo
ESTU-0813,83.0,55.9,80.0,53.6,40.8,89.3,0.0,33.4,Insuficiente
ESTU-0814,96.0,41.3,49.8,76.8,70.7,56.9,14.1,62.1,Bueno
ESTU-0815,93.5,44.9,73.9,55.2,86.2,44.2,0.0,58.1,Regular
ESTU-0816,84.0,98.1,86.3,74.7,96.1,43.4,0.0,53.8,Regular
ESTU-0817,89.0,57.7,69.9,61.6,94.6,47.2,0.0,44.1,Insuficiente
ESTU-0818,88.0,86.2,40.7,89.4,89.2,74.8,0.0,46.7,Insuficiente
ESTU-0819,93.0,77.5,40.5,89.2,93.3,95.7,0.0,46.3,Insuficiente
ESTU-0820,66.8,62.9,61.4,68.6,52.0,69.8,0.0,36.1,Insuficiente
ESTU-0821,90.1,52.3,95.6,61.0,57.1,90.6,0.0,75.5,Satisfactorio
ESTU-0822,50.2,47.3,53.7,61.8,57.3,66.8,0.0,33.2,Insuficiente
ESTU-0823,93.0,76.9,78.1,88.3,62.6,82.5,0.0,45.0,Insuficiente
ESTU-0824,93.0,86.5,53.3,59.7,63.6,83.9,0.0,39.3,Insuficiente
ESTU-0825,80.0,78.6,59.3,52.5,72.7,50.4,0.0,39.9,Insuficiente
ESTU-0826,96.0,71.8,90.9,45.1,49.6,61.7,9.9,64.3,Bueno
ESTU-0827,67.3,42.5,83.7,68.0,81.5,78.2,0.0,42.2,Insuficiente
ESTU-0828,87.0,98.1,45.7,68.9,50.1,44.2,0.0,38.4,Insuficiente
ESTU-0829,86.9,87.9,65.7,90.5,58.6,61.7,0.0,68.9,Bueno
ESTU-0830,94.0,57.6,41.8,53.3,70.2,72.1,0.0,34.4,Insuficiente
ESTU-0831,88.0,98.8,68.9,62.9,87.8,99.8,0.0,48.3,Insuficiente
ESTU-0832,100.0,76.1,79.7,88.5,84.4,68.5,0.0,49.4,Insuficiente
ESTU-0833,82.0,74.9,47.1,89.4,78.7,89.0,0.0,43.9,Insuficiente
ESTU-0834,90.0,84.9,57.3,63.1,49.3,65.9,0.0,37.2,Insuficiente
ESTU-0835,74.9,88.7,63.9,67.5,72.8,87.8,0.0,43.9,Insuficiente
ESTU-0836,81.0,79.4,95.2,58.2,45.2,75.7,0.0,40.1,Insuficiente
ESTU-0837,95.7,47.7,99.6,96.0,62.6,93.2,12.5,84.7,Optimo
ESTU-0838,68.1,60.3,42.7,47.1,64.8,64.7,0.0,33.0,Insuficiente
ESTU-0839,91.0,95.7,85.7,96.0,42.4,76.3,0.0,45.5,Insuficiente
ESTU-0840,81.6,53.5,62.3,81.0,56.4,77.8,0.0,68.6,Bueno
ESTU-0841,50.7,62.3,63.5,71.9,97.3,65.0,0.0,45.8,Insuficiente
ESTU-0842,83.2,65.9,85.3,42.0,97.2,48.7,0.0,64.7,Bueno
ESTU-0843,86.0,66.4,95.1,68.5,61.1,45.6,0.0,42.9,Insuficiente
ESTU-0844,98.1,76.8,97.1,64.5,42.6,41.0,8.5,58.4,Regular
ESTU-0845,100.0,96.6,74.6,49.7,50.7,92.4,0.0,39.6,Insuficiente
ESTU-0846,70.7,54.4,61.4,79.4,63.5,54.2,0.0,38.7,Insuficiente
ESTU-0847,90.0,47.3,87.3,98.3,96.9,52.7,0.0,50.4,Insuficiente
ESTU-0848,99.8,51.8,55.1,73.7,48.5,84.2,9.7,69.4,Bueno
ESTU-0849,97.0,93.2,73.8,82.9,85.8,59.2,0.0,50.5,Insuficiente
ESTU-0850,86.0,78.7,61.5,44.1,46.5,70.4,0.0,33.9,Insuficiente
ESTU-0851,53.4,57.2,79.4,65.1,98.9,49.8,0.0,46.7,Insuficiente
ESTU-0852,87.5,89.0,54.4,47.0,62.9,97.6,0.0,77.0,Satisfactorio
ESTU-0853,99.0,91.7,51.5,76.8,86.5,91.1,0.0,46.6,Insuficiente
ESTU-0854,94.9,90.8,95.1,96.3,60.6,91.8,0.0,86.5,Optimo
ESTU-0855,87.0,95.1,46.1,79.7,77.7,64.4,0.0,45.0,Insuficiente
ESTU-0856,80.0,55.1,70.4,44.6,51.5,85.7,0.0,33.0,Insuficiente
ESTU-0857,98.0,85.3,53.3,61.3,48.8,48.6,0.0,36.4,Insuficiente
ESTU-0858,98.0,67.6,42.3,73.0,96.3,40.5,0.0,43.6,Insuficiente
ESTU-0859,96.0,90.5,42.2,64.2,95.1,41.2,0.0,45.3,Insuficiente
ESTU-0860,95.0,83.7,50.5,90.0,93.2,75.2,0.0,48.5,Insuficiente
ESTU-0861,88.8,86.6,92.0,88.9,77.5,67.3,0.0,78.1,Satisfactorio
ESTU-0862,97.0,79.4,56.9,76.7,88.5,71.1,0.0,46.1,Insuficiente
ESTU-0863,98.0,50.6,97.0,62.4,44.1,40.4,0.0,36.8,Insuficiente
ESTU-0864,81.0,72.7,74.9,55.3,60.1,65.4,0.0,39.1,Insuficiente
ESTU-0865,96.0,99.1,66.2,46.4,58.8,83.1,0.0,40.0,Insuficiente
ESTU-0866,85.0,96.2,74.8,61.3,78.1,66.6,0.0,46.6,Insuficiente
ESTU-0867,83.0,42.6,71.0,64.8,61.4,83.9,0.0,36.1,Insuficiente
ESTU-0868,86.0,49.9,85.5,80.5,48.9,54.0,0.0,38.6,Insuficiente
ESTU-0869,93.1,47.9,56.9,79.5,75.8,88.8,0.0,75.2,Satisfactorio
ESTU-0870,97.3,83.6,61.2,44.2,88.9,75.3,17.8,76.7,Satisfactorio
ESTU-0871,89.0,89.1,93.6,63.7,62.9,52.6,0.0,45.4,Insuficiente
ESTU-0872,93.0,52.8,96.8,50.9,47.9,54.2,0.0,36.3,Insuficiente
ESTU-0873,82.2,70.4,93.6,49.4,51.8,77.7,0.0,69.9,Bueno
ESTU-0874,80.0,90.4,65.2,89.6,54.2,89.8,0.0,43.5,Insuficiente
ESTU-0875,97.0,84.0,86.8,42.5,58.0,64.9,0.0,40.0,Insuficiente
ESTU-0876,57.8,72.5,68.6,65.2,78.6,55.5,0.0,43.2,Insuficiente
ESTU-0877,85.8,75.4,69.9,50.1,76.1,92.0,0.0,78.1,Satisfactorio
ESTU-0878,82.9,70.5,52.3,92.8,81.8,80.2,0.0,77.2,Satisfactorio
ESTU-0879,82.0,57.9,75.5,73.4,61.8,66.9,0.0,39.9,Insuficiente
ESTU-0880,87.0,73.9,51.2,53.9,89.4,69.3,0.0,41.7,Insuficiente
ESTU-0881,94.0,81.3,59.9,70.1,52.2,52.3,0.0,38.6,Insuficiente
ESTU-0882,83.6,92.4,91.3,83.9,68.1,77.6,0.0,80.3,Satisfactorio
ESTU-0883,98.0,78.2,52.4,97.5,88.1,61.5,0.0,48.0,Insuficiente
ESTU-0884,94.0,85.7,44.3,53.2,50.8,99.7,0.0,34.6,Insuficiente
ESTU-0885,90.0,49.6,44.1,93.2,46.6,68.8,0.0,61.8,Bueno
ESTU-0886,82.0,67.7,96.4,96.1,93.0,69.2,0.0,53.3,Regular
ESTU-0887,82.6,40.6,70.4,95.0,60.6,74.0,0.0,69.2,Bueno
ESTU-0888,93.0,54.8,64.6,78.1,81.0,95.0,0.0,42.5,Insuficiente
ESTU-0889,93.0,83.6,88.7,77.8,41.5,88.0,0.0,41.6,Insuficiente
ESTU-0890,83.0,99.5,90.1,64.2,81.4,67.1,0.0,50.1,Insuficiente
ESTU-0891,86.1,46.0,59.9,85.1,59.0,83.1,0.0,70.5,Bueno
ESTU-0892,92.8,64.1,81.6,71.9,43.3,75.2,0.0,67.7,Bueno
ESTU-0893,91.5,88.0,86.3,80.6,76.6,69.5,0.0,77.1,Satisfactorio
ESTU-0894,69.9,52.2,79.3,65.7,54.4,51.5,0.0,37.2,Insuficiente
ESTU-0895,83.4,73.3,49.1,83.9,63.2,67.8,0.0,67.3,Bueno
ESTU-0896,93.0,84.0,92.6,89.5,44.8,54.7,0.0,44.4,Insuficiente
ESTU-0897,95.0,77.0,72.3,48.8,48.8,94.9,0.0,36.2,Insuficiente
ESTU-0898,94.8,51.3,56.9,90.0,57.9,60.1,0.0,62.0,Bueno
ESTU-0899,89.0,61.3,65.5,72.4,45.4,97.1,0.0,35.6,Insuficiente
ESTU-0900,100.0,87.0,42.3,90.7,94.6,72.0,0.0,48.2,Insuficiente
ESTU-0901,98.0,73.3,47.7,65.9,40.4,77.9,0.0,33.0,Insuficiente
ESTU-0902,97.0,40.3,85.9,62.7,69.0,72.6,0.0,39.0,Insuficiente
ESTU-0903,59.1,85.7,40.0,94.9,47.4,47.8,0.0,38.9,Insuficiente
ESTU-0904,99.0,42.1,65.0,55.1,58.5,62.5,0.0,33.3,Insuficiente
ESTU-0905,81.0,84.7,71.4,90.7,95.6,45.9,0.0,52.0,Regular
ESTU-0906,94.6,52.1,43.3,69.0,49.7,77.4,0.0,62.8,Bueno
ESTU-0907,90.9,97.5,98.4,70.8,97.9,66.8,0.0,81.9,Optimo
ESTU-0908,91.0,62.1,53.6,58.5,52.3,86.7,0.0,33.7,Insuficiente
ESTU-0909,84.0,59.6,58.3,74.4,84.5,53.2,0.0,42.5,Insuficiente
ESTU-0910,88.0,48.9,58.2,59.5,72.8,49.9,0.0,36.8,Insuficiente
ESTU-0911,91.0,58.3,53.8,42.4,93.1,64.4,0.0,39.2,Insuficiente
ESTU-0912,91.0,92.6,40.1,56.3,73.2,95.6,0.0,39.8,Insuficiente
ESTU-0913,81.2,99.8,83.8,40.4,72.1,82.6,0.0,77.3,Satisfactorio
ESTU-0914,89.0,62.1,98.0,98.7,51.7,65.1,0.0,44.8,Insuficiente
ESTU-0915,93.0,66.9,53.5,97.9,50.0,71.0,0.0,39.1,Insuficiente
ESTU-0916,96.0,83.3,79.8,63.7,95.0,45.1,0.0,49.2,Insuficiente
ESTU-0917,96.0,93.2,84.5,83.7,59.7,99.1,0.0,46.8,Insuficiente
ESTU-0918,97.4,75.6,90.9,60.7,62.3,80.0,12.5,77.2,Satisfactorio
ESTU-0919,88.2,63.5,65.4,80.3,85.6,57.1,0.0,67.8,Bueno
ESTU-0920,87.0,64.8,58.2,88.3,60.3,75.1,0.0,40.2,Insuficiente
ESTU-0921,93.4,81.7,59.5,96.8,97.1,46.6,0.0,69.8,Bueno
ESTU-0922,86.0,40.2,82.8,64.0,84.3,98.0,0.0,41.8,Insuficiente
ESTU-0923,94.7,77.2,89.0,87.0,75.8,50.5,0.0,69.1,Bueno
ESTU-0924,90.0,61.3,50.9,56.0,92.9,78.9,0.0,72.6,Satisfactorio
ESTU-0925,90.0,87.7,62.3,99.4,43.0,54.7,0.0,41.8,Insuficiente
ESTU-0926,92.0,45.6,94.1,41.5,55.4,83.1,0.0,35.2,Insuficiente
ESTU-0927,84.0,75.3,88.4,76.2,67.9,86.6,0.0,45.6,Insuficiente
ESTU-0928,97.0,68.9,99.1,79.6,53.6,80.4,0.0,43.7,Insuficiente
ESTU-0929,81.7,78.5,85.3,81.3,84.6,76.9,0.0,80.4,Satisfactorio
ESTU-0930,89.0,43.9,63.6,47.2,95.2,93.5,0.0,39.7,Insuficiente
ESTU-0931,85.0,74.8,75.4,96.3,65.4,44.7,0.0,45.9,Insuficiente
ESTU-0932,91.7,73.7,79.7,50.9,60.5,59.9,0.0,63.3,Bueno
ESTU-0933,99.2,73.6,44.7,77.4,97.7,54.9,19.5,71.5,Satisfactorio
ESTU-0934,84.0,76.2,72.7,53.4,66.7,99.3,0.0,40.3,Insuficiente
ESTU-0935,91.0,80.6,82.6,58.4,69.3,63.4,0.0,43.4,Insuficiente
ESTU-0936,89.0,88.3,50.0,72.8,61.1,84.0,0.0,40.4,Insuficiente
ESTU-0937,85.0,56.2,86.8,65.0,94.6,81.1,0.0,46.6,Insuficiente
ESTU-0938,95.7,89.5,75.0,49.6,74.1,52.7,14.8,67.4,Bueno
ESTU-0939,81.0,69.9,97.1,50.3,85.7,54.3,0.0,46.1,Insuficiente
ESTU-0940,100.0,44.6,42.5,65.1,88.7,56.9,0.0,38.0,Insuficiente
ESTU-0941,92.0,43.5,55.9,85.4,60.5,64.7,0.0,36.7,Insuficiente
ESTU-0942,100.0,60.1,76.1,93.9,66.0,54.1,0.0,43.9,Insuficiente
ESTU-0943,82.6,87.1,57.8,45.0,90.9,41.2,0.0,60.0,Regular
ESTU-0944,91.5,82.5,82.9,63.6,61.8,92.8,0.0,80.0,Satisfactorio
ESTU-0945,93.0,87.3,85.5,46.0,87.6,97.9,0.0,46.7,Insuficiente
ESTU-0946,90.0,71.0,46.2,41.0,96.5,60.5,0.0,40.4,Insuficiente
ESTU-0947,100.0,66.4,70.8,79.7,77.4,60.3,0.0,44.4,Insuficiente
ESTU-0948,95.0,48.8,70.5,76.1,84.5,40.4,0.0,59.1,Regular
ESTU-0949,93.7,59.7,62.2,49.8,88.3,80.8,0.0,72.9,Satisfactorio
ESTU-0950,100.0,66.0,96.0,54.0,90.7,89.5,0.0,46.9,Insuficiente
ESTU-0951,80.0,45.3,89.7,41.4,63.7,48.8,0.0,55.8,Regular
ESTU-0952,83.3,53.2,81.8,90.1,43.1,49.6,0.0,58.5,Regular
ESTU-0953,90.0,75.9,82.9,98.5,64.1,87.4,0.0,47.1,Insuficiente
ESTU-0954,95.7,84.1,67.7,48.1,80.4,77.0,16.1,76.7,Satisfactorio
ESTU-0955,96.0,99.9,95.3,53.9,67.0,42.7,0.0,46.6,Insuficiente
ESTU-0956,87.0,96.0,81.7,92.1,84.9,77.4,0.0,52.9,Regular
ESTU-0957,81.0,78.6,83.7,95.6,61.4,58.5,0.0,46.7,Insuficiente
ESTU-0958,84.0,65.3,91.7,65.2,78.1,62.1,0.0,45.2,Insuficiente
ESTU-0959,83.0,78.2,56.4,43.0,51.2,86.2,0.0,33.9,Insuficiente
ESTU-0960,86.9,87.1,88.4,42.4,85.0,88.7,0.0,81.5,Optimo
ESTU-0961,98.0,47.1,51.7,74.4,72.7,64.0,0.0,37.6,Insuficiente
ESTU-0962,80.2,64.6,60.7,63.6,52.2,96.8,0.0,74.3,Satisfactorio
ESTU-0963,90.0,90.4,60.1,41.7,57.5,64.4,0.0,37.1,Insuficiente
ESTU-0964,92.0,63.0,98.7,75.0,84.9,86.3,0.0,48.5,Insuficiente
ESTU-0965,88.0,74.3,91.4,40.7,69.0,69.0,0.0,41.3,Insuficiente
ESTU-0966,100.0,75.3,82.1,87.2,53.0,93.9,0.0,43.2,Insuficiente
ESTU-0967,86.0,51.1,83.6,58.4,98.0,94.5,0.0,83.1,Optimo
ESTU-0968,87.0,61.7,73.7,42.4,82.9,45.2,0.0,40.3,Insuficiente
ESTU-0969,90.0,60.1,96.8,75.3,97.4,96.2,0.0,50.4,Insuficiente
ESTU-0970,86.0,41.6,69.8,63.9,65.6,89.5,0.0,36.5,Insuficiente
ESTU-0971,83.2,41.5,62.8,98.4,68.5,87.5,0.0,75.7,Satisfactorio
ESTU-0972,96.8,89.9,49.8,72.7,93.9,52.1,18.8,71.7,Satisfactorio
ESTU-0973,86.6,56.4,87.2,56.5,71.5,88.3,0.0,76.3,Satisfactorio
ESTU-0974,97.0,71.1,84.1,82.6,82.4,91.0,0.0,48.2,Insuficiente
ESTU-0975,91.0,57.9,63.1,56.3,55.1,57.3,0.0,34.7,Insuficiente
ESTU-0976,63.1,96.4,41.5,94.3,66.8,97.1,0.0,44.3,Insuficiente
ESTU-0977,91.0,55.6,90.3,62.5,47.4,43.0,0.0,37.3,Insuficiente
ESTU-0978,91.0,65.8,40.7,73.0,52.4,49.0,0.0,34.4,Insuficiente
ESTU-0979,96.0,92.4,82.2,43.0,40.1,72.3,0.0,37.0,Insuficiente
ESTU-0980,89.0,90.5,98.2,65.6,42.4,74.5,0.0,42.4,Insuficiente
ESTU-0981,96.0,51.2,66.3,89.9,98.6,78.7,0.0,47.4,Insuficiente
ESTU-0982,88.5,88.2,54.1,88.3,54.5,41.0,0.0,58.0,Regular
ESTU-0983,95.0,67.5,82.3,53.5,79.8,97.6,0.0,43.1,Insuficiente
ESTU-0984,53.8,69.0,89.0,53.6,90.3,42.7,0.0,46.3,Insuficiente
ESTU-0985,86.4,48.0,72.8,89.0,73.0,48.6,0.0,62.0,Bueno
ESTU-0986,100.0,44.8,98.0,95.8,49.2,40.8,0.0,41.6,Insuficiente
ESTU-0987,84.4,83.7,43.1,45.7,83.7,74.0,0.0,69.3,Bueno
ESTU-0988,84.0,69.8,70.3,67.0,76.0,95.9,0.0,42.8,Insuficiente
ESTU-0989,85.0,66.2,83.1,60.2,83.9,80.0,0.0,44.7,Insuficiente
ESTU-0990,91.0,83.8,91.8,92.2,86.2,89.4,0.0,88.7,Optimo
ESTU-0991,90.0,85.9,50.8,45.0,98.5,40.8,0.0,60.2,Regular
ESTU-0992,84.7,49.5,88.0,52.7,74.4,72.5,0.0,69.2,Bueno
ESTU-0993,63.6,76.6,73.2,85.1,60.5,67.6,0.0,43.4,Insuficiente
ESTU-0994,79.5,48.1,63.8,43.1,78.9,69.9,0.0,36.4,Insuficiente
ESTU-0995,88.0,85.1,47.9,69.6,44.1,44.3,0.0,35.8,Insuficiente
ESTU-0996,54.6,79.4,91.9,66.5,93.8,81.1,0.0,50.5,Insuficiente
ESTU-0997,95.9,97.4,49.4,60.1,47.2,70.2,9.4,67.0,Bueno
ESTU-0998,89.0,44.1,58.6,63.7,59.7,85.9,0.0,34.1,Insuficiente
ESTU-0999,97.5,43.4,57.4,71.8,88.9,69.1,17.8,72.0,Satisfactorio
ESTU-1000,96.0,56.9,92.3,49.7,75.8,49.0,0.0,41.7,Insuficiente
